Price,Close,High,Low,Open,Volume,50_MA,200_MA,Volatility,Daily Returns
Ticker,AAPL,AAPL,AAPL,AAPL,AAPL,,,,
Date,,,,,,,,,
2019-01-02,37.66718673706055,37.88901287019494,36.78704481309749,36.9444693411881,148158800,,,,
2019-01-03,33.915252685546875,34.75723031072386,33.86993317854554,34.34220305872549,365248800,,,,-0.09960749332580665
2019-01-04,35.363075256347656,35.43224829276365,34.2992750451496,34.473394125186296,234428400,,,,0.04268942308124912
2019-01-07,35.28435134887695,35.49902207708739,34.800154811914446,35.46801323378757,219111200,,,,-0.002226161240221125
2019-01-08,35.95698928833008,36.21220814004065,35.425089238657485,35.67314912223568,164101200,,,,0.019063350004719037
2019-01-09,36.56760025024414,36.858595734256404,35.689846005675946,36.0857875184234,180396400,,,,0.01698170436400348
2019-01-10,36.68447494506836,36.72502301688656,35.983223685249385,36.37439738697707,143122800,,,,0.003196127009276184
2019-01-11,36.32431411743164,36.66062916232733,36.138268271220596,36.46504408995487,108092800,,,,-0.009817799714348596
2019-01-14,35.77810287475586,36.08102516483244,35.592057030970075,35.98084691352754,129756800,,,,-0.015037069685884585
2019-01-15,36.510372161865234,36.586696907659075,35.7900384933339,35.842513348364925,114843600,,,,0.0204669680131655
2019-01-16,36.95638656616211,37.180596538089034,36.49365596699989,36.51273805392303,122278800,,,,0.012216101285396741
2019-01-17,37.17582702636719,37.60516490547045,36.555671907714014,36.77988189121995,119284800,,,,0.005937822406208992
2019-01-18,37.404808044433594,37.65763933734888,37.20444794328947,37.56700033062978,135004000,,,,0.006159406162073999
2019-01-22,36.565216064453125,37.38334014007424,36.403020131262494,37.30701542527696,121576000,,,,-0.02244609781135909
2019-01-23,36.713104248046875,37.00409978164385,36.1835880239302,36.76796298779607,92522400,,,,0.004044504573228025
2019-01-24,36.42210388183594,36.84667036346506,36.193126087459284,36.7584188843341,101766000,,,,-0.007926335083103697
2019-01-25,37.62900924682617,37.71726434535459,36.80850142474928,37.08518255985708,134142000,,,,0.033136618601324885
2019-01-28,37.28078079223633,37.287936121047366,36.65108638010935,37.15913292337564,104768400,,,,-0.009254255202565953
2019-01-29,36.894378662109375,37.71727795602071,36.75842376107418,37.26885789319794,166348800,,,,-0.010364646928409327
2019-01-30,39.41553497314453,39.63020208904466,38.2181603651777,38.93849370266774,244439200,,,,0.06833442932119072
2019-01-31,39.69938659667969,40.30999901721812,39.25096650804929,39.62067432753475,162958400,,,,0.007201516451027734
2019-02-01,39.718467712402344,40.30522659226303,39.57773773431321,39.82341740201307,130672400,,,,0.00048064006420323047
2019-02-04,40.84666442871094,40.944458776160424,39.89973708480651,39.9307459363238,125982000,,,,0.028404839896588152
2019-02-05,41.54552459716797,41.76019536344644,41.10903501542785,41.230679235310284,144406400,,,,0.017109357109850176
2019-02-06,41.559837341308594,41.877070227096375,41.22829379954388,41.65762803699635,112958400,,,,0.00034450748376402274
2019-02-07,40.77272415161133,41.4882861658143,40.62961029295609,41.120962293716275,126966800,,,,-0.018939275032121228
2019-02-08,40.82062911987305,40.88051502481208,40.343936000705995,40.480477618436844,95280000,,,,0.0011749268477521113
2019-02-11,40.58586502075195,41.01225593503974,40.54274893292941,40.973928086878736,83973600,,,,-0.005751114183754735
2019-02-12,40.935611724853516,40.96196167096465,40.65055421378195,40.74637386107052,89134000,,,,0.008617451024457212
2019-02-13,40.76553726196289,41.31648839690441,40.703257227808,41.05538669141581,89960800,,,2.1895887095649584,-0.0041546823346325645
2019-02-14,40.914058685302734,41.02424672424616,40.573907119850794,40.652956967864775,87342800,,,2.252327311987033,0.003643308375538723
2019-02-15,40.823028564453125,41.129644145318814,40.66253475690202,41.02185023339894,98507200,,,2.1609848390820985,-0.0022249105509131173
2019-02-19,40.9451904296875,41.06736001881353,40.600250676952555,40.652950567331295,75891200,,,2.1368571654393422,0.0029924743344678095
2019-02-20,41.20867919921875,41.517692444984895,40.95955549985414,41.007463481830634,104457600,,,2.101308066586074,0.0064351579945323145
2019-02-21,40.97632598876953,41.290127507368545,40.7942741759188,41.153589561516775,68998800,,,2.073864641510141,-0.005638453232774898
2019-02-22,41.43385696411133,41.441042979730874,41.052983515694336,41.10089150487306,75652800,,,2.076961784118169,0.011165739345865067
2019-02-25,41.735687255859375,42.12853867814377,41.66861532926052,41.71892110178259,87493600,,,2.0838579022405774,0.007284629379531005
2019-02-26,41.75963592529297,41.991993508027974,41.48176447406314,41.6111200640111,68280800,,,2.060293690626093,0.0005738175410117119
2019-02-27,41.88899612426758,41.92013796783325,41.3763728690382,41.49135645059792,111341600,,,1.9915016808770742,0.0030977329209964655
2019-02-28,41.476985931396484,41.8985851393733,41.42189190949821,41.75725524812944,112861600,,,1.931618629442998,-0.009835761918209451
2019-03-01,41.91294479370117,41.956060888063966,41.4146936574631,41.74765912168646,103544800,,,1.8949687845432603,0.010510861686665596
2019-03-04,42.123741149902344,42.57887250221398,41.67339803761648,42.08541329882588,109744800,,,1.8622524488236976,0.005029385485527893
2019-03-05,42.047096252441406,42.15968205944365,41.80994672500447,42.145310025383104,78949600,,,1.8236960431985705,-0.0018195178151007019
2019-03-06,41.805152893066406,42.03751049302754,41.666217157151316,41.84108297341277,83241600,,,1.7060230023798462,-0.0057541038725343885
2019-03-07,41.32128143310547,41.785996719263494,41.20630149951515,41.64945507831872,99185600,,,1.56194992190876,-0.011574445408646938
2019-03-08,41.419490814208984,41.45781867305242,40.602646141444055,40.79907367665731,95997600,,,1.3567226241775423,0.0023767264154792578
2019-03-11,42.85435485839844,42.90705475053342,42.003977877888914,42.03751384059792,128044000,,,1.2763181087774693,0.0346422424801327
2019-03-12,43.33584213256836,43.757437636180654,42.96694286865486,43.117856536178195,129870400,,,1.1545462459686249,0.011235433966066521
2019-03-13,43.52747344970703,43.90834693397059,43.33823194019415,43.6568253981783,124130000,,,0.9313544178513995,0.0044220051511276726
2019-03-14,44.0113525390625,44.099986172540426,43.73108691515278,44.05207451978656,94318000,39.54560585021973,,0.9806963050096397,0.011116636253067913
2019-03-15,44.5838508605957,44.87370020664478,44.013739613921665,44.279633139418074,156171600,39.683939132690426,,1.0737990051921529,0.013007969273952202
2019-03-18,45.038997650146484,45.127627630121516,44.50481268423462,44.507210460004316,104879200,39.90641403198242,,1.177283224932764,0.010208781448106219
2019-03-19,44.68207550048828,45.27135447137798,44.53595373184279,45.11804668584386,126585600,40.092794036865236,,1.2710486890159125,-0.007924735635342017
2019-03-20,45.0725212097168,45.391114611993856,44.25088482381387,44.61020019636236,124140800,40.28855743408203,,1.3889954024349547,0.008738307360504072
2019-03-21,46.732566833496094,47.02960225648532,45.46777673422874,45.518082505798304,204136800,40.50406898498535,,1.6236924633518135,0.03683054728745505
2019-03-22,45.76481628417969,47.355386016397915,45.7001384735137,46.79245696182492,169630800,40.688013305664064,,1.7199837999136045,-0.02070826866335873
2019-03-25,45.21147155761719,45.98759067420643,44.69884827308564,45.87500486195989,175381200,40.85855323791504,,1.7656869815519616,-0.012091050975196027
2019-03-26,44.74435043334961,46.20317383299277,44.21496108876492,45.91093032900251,199202000,41.0269539642334,,1.768336584774633,-0.010331915953504911
2019-03-27,45.14678955078125,45.455799234199034,44.68686620643027,45.21386147671915,119393600,41.21432769775391,,1.7903103256949884,0.008994188395496039
2019-03-28,45.2066764831543,45.407892265521994,44.92161896389378,45.261770497461804,83121600,41.38825378417969,,1.7962838215363128,0.0013264937101604701
2019-03-29,45.50130844116211,45.53245028041847,45.16355107046687,45.47256437732267,94256000,41.55915222167969,,1.8086623197572567,0.00651744346031724
2019-04-01,45.810325622558594,45.91572175059921,45.12523068699291,45.906141613557615,111448000,41.73184219360351,,1.8172443264794311,0.0067913911046333375
2019-04-02,46.476261138916016,46.58166093233031,45.76481618851566,45.77439632648691,91062800,41.913271255493164,,1.8494127008176315,0.014536799450940663
2019-04-03,46.79485321044922,47.07032694424774,46.2678542594757,46.29181008639122,93087200,42.117863998413085,,1.8921401953319,0.006854941936506931
2019-04-04,46.87628936767578,47.0391772671093,46.26545243450927,46.660697926775335,76457200,42.32112770080566,,1.9079948123426613,0.0017402802154400376
2019-04-05,47.190093994140625,47.21404981863245,46.93378056163148,47.058344269726845,74106400,42.53648750305176,,1.942989353219759,0.006694314560683479
2019-04-08,47.93268585205078,47.96382404106772,47.0319993882877,47.051163318915215,103526800,42.74256103515625,,2.0145295864497057,0.015736180945144174
2019-04-09,47.78895950317383,48.59143221503495,47.72428169243538,47.98538705610313,143072800,42.952724609375,,2.0552752780381565,-0.0029985039711852846
2019-04-10,48.05724334716797,48.08599106914414,47.472756287312095,47.5925281059663,86781200,43.17598190307617,,2.095686638032632,0.005613929384177485
2019-04-11,47.65721130371094,48.14827654678451,47.53504535071354,48.112346459181225,83603200,43.3408154296875,,2.0734509883933874,-0.008324073866808779
2019-04-12,47.63804244995117,47.942263895762856,47.0008591463609,47.71709228965716,111042800,43.49958854675293,,2.053596870244142,-0.00040222357195018876
2019-04-15,47.724273681640625,47.87279320933779,47.43203017716153,47.56857179300715,70146400,43.65970466613769,,2.030162303665505,0.0018101338185767535
2019-04-16,47.72906494140625,48.236896231863994,47.56377926343582,47.77937070845417,102785600,43.797352676391604,,1.9841123971971577,0.00010039460836197556
2019-04-17,48.65849304199219,48.71837894248983,47.5757549375541,47.798528732935594,115627200,43.93961204528809,,1.9435683210105115,0.019473000397701723
2019-04-18,48.83336639404297,48.90283244109063,48.51237879500945,48.65610278532575,96783200,44.085082626342775,,1.843590396894871,0.0035938916542250787
2019-04-22,48.993858337402344,49.09207210290908,48.469257203029855,48.586634897548564,77758000,44.249505310058595,,1.7185103333108438,0.0032865222123812377
2019-04-23,49.70050811767578,49.76518591703758,48.84294153906798,48.96989936235323,93292000,44.42710289001465,,1.7154139298218454,0.014423231895863475
2019-04-24,49.623863220214844,49.94005893632176,49.597513272610435,49.67177121900122,70162400,44.607862854003905,,1.7104770004560852,-0.0015421350880249207
2019-04-25,49.17351531982422,49.76758248967233,49.135187462377075,49.54480867165891,74172800,44.77262092590332,,1.6681506603247773,-0.009075228552684944
2019-04-26,48.938758850097656,49.10643864125826,48.41655189460286,49.08248281888732,74596400,44.936085357666016,,1.6249207419254283,-0.004774042860261396
2019-04-29,49.01301574707031,49.33879518664974,48.83335804851868,48.96270998321195,88818800,45.098064498901365,,1.6011082464836965,0.0015173432820416721
2019-04-30,48.069217681884766,48.72317073961693,47.695530220323526,48.6417267862296,186139600,45.24298828125,,1.5601124211565993,-0.01925607006220509
2019-05-01,50.42872619628906,51.57613857993993,50.11971286557231,50.27541841873172,259309200,45.432658996582035,,1.5896654487891293,0.049085644164612585
2019-05-02,50.10055160522461,50.93895435796423,49.856219720416995,50.26583730415948,127985200,45.61049644470215,,1.5990645181527847,-0.006507691465119758
2019-05-03,50.72335433959961,50.74491238510654,50.35924706540956,50.517346709417154,83569600,45.80543701171875,,1.6892530116578284,0.012431055435925709
2019-05-06,49.9400520324707,50.02628788042311,48.747125848417014,48.93636369676356,129772400,45.975560913085936,,1.694861613070718,-0.015442636184598402
2019-05-07,48.593814849853516,49.68613308120218,48.10754163418861,49.31723754540804,155054800,46.11272346496582,,1.623883189849384,-0.02695706407638243
2019-05-08,48.6034049987793,49.187892088109535,48.32793126404143,48.363861349391236,105358000,46.249598846435546,,1.5083874455163087,0.00019735328365166893
2019-05-09,48.08120346069336,48.3111633261349,47.10865679131575,48.004547735448746,139634400,46.37344299316406,,1.4018261166873762,-0.010744134862548216
2019-05-10,47.41511154174805,47.816693222920144,46.35465865703237,47.4728247360462,164834800,46.492205505371096,,1.2932534353317118,-0.013853478511407169
2019-05-13,44.65936279296875,45.56351397580666,43.96922628473015,45.137891635823976,229722400,46.54713386535644,,1.3626573908258648,-0.0581196302017114
2019-05-14,45.366336822509766,45.61641996040873,44.58482197139578,44.825288079430855,146118800,46.611985778808595,,1.3920590760254168,0.01583036535515281
2019-05-15,45.909793853759766,46.10938118524635,44.73151126508504,44.791627798572975,106178800,46.68923973083496,,1.4201701057134788,0.01197930159924998
2019-05-16,45.70779800415039,46.282511852423546,45.40961871090756,45.66691920631592,132125600,46.76729263305664,,1.4704261342283962,-0.0043998422265368875
2019-05-17,45.44809341430664,45.9049775417883,44.9094480232914,44.950326820447415,131516400,46.84982887268066,,1.5354680016861069,-0.005681844262551583
2019-05-20,44.026939392089844,44.329929040318554,43.35123020710624,44.13034172783792,154449200,46.90197784423828,,1.7014004339666546,-0.031269827080786405
2019-05-21,44.870967864990234,45.20761887831059,44.414080153517354,44.539123530988135,113459200,46.942310104370115,,1.7958910204983078,0.019170727844235236
2019-05-22,43.95240020751953,44.65696789660756,43.89709402341663,44.40447771902691,118994400,46.95464126586914,,1.9363452330485158,-0.02047131366175403
2019-05-23,43.2021369934082,43.413744649619424,42.75727327586627,43.235802097979615,146118800,46.94813453674316,,2.1083162852298214,-0.017069903135414455
2019-05-24,43.03622055053711,43.798497688677664,42.95205594327224,43.33199284223706,94858800,46.928631896972654,,2.268671513232327,-0.003840468421652643
2019-05-28,42.85826110839844,43.42576110727096,42.781313883904495,43.02418326240235,111792800,46.89412010192871,,2.419443020396985,-0.004135108517015262
2019-05-29,42.65387725830078,43.12759576068828,42.32203287185921,42.42302819181503,113924800,46.8464176940918,,2.5625700940292466,-0.004768832071388118
2019-05-30,42.8751106262207,43.09874236022646,42.48314967010351,42.790946015164984,84873600,46.81027839660644,,2.6751048044818972,0.00518671178660246
2019-05-31,42.09840393066406,42.800564536423366,42.07916620142415,42.37734183158862,108174400,46.75079605102539,,2.7986015629027765,-0.018115561317797235
2019-06-03,41.67277526855469,42.78372746053402,40.94416328950052,42.22584802449842,161584400,46.649600219726565,,2.9187362463190825,-0.010110327764691118
2019-06-04,43.19733810424805,43.243027258834694,41.96615261704751,42.187381029952476,123872000,46.59825065612793,,2.94140973226191,0.03658414458524817
2019-06-05,43.894683837890625,44.4838287660272,43.55803273828841,44.313096206729206,119093600,46.5719149017334,,2.902837699166871,0.01614325706736075
2019-06-06,44.53913497924805,44.59925150916613,43.800902230627514,44.02453762991812,90105200,46.56781059265137,,2.840041170586422,0.014681758359109454
2019-06-07,45.72462844848633,46.15025448218775,44.67138940249549,44.84933197208992,122737600,46.57936737060547,,2.7748809934074092,0.02661689477783158
2019-06-10,46.3089599609375,46.979858736253505,46.07811090053658,46.12380004462165,104883600,46.601413040161134,,2.7149423489518227,0.012779360538915707
2019-06-11,46.8452033996582,47.13135866433859,46.554241454504776,46.85722743928427,107731600,46.62829093933105,,2.6536907641464746,0.01157969082382837
2019-06-12,46.69611740112305,47.12414681008803,46.50374376727745,46.63840421020281,73012800,46.64600677490235,,2.6229650357430105,-0.003182524308054213
2019-06-13,46.68648910522461,47.32131942516959,46.554235693369584,46.81874618630091,86698400,46.650211334228516,,2.472416260224627,-0.00020619050221515334
2019-06-14,46.34743881225586,46.55183280179707,45.76070092374396,46.06128355767657,75046000,46.64126304626465,,2.3232575682080587,-0.007262278647781395
2019-06-17,46.62398147583008,46.88128201644807,46.210379406074495,46.385918667435874,58676400,46.63621688842773,,2.1099964245495926,0.0059667302155452795
2019-06-18,47.72050476074219,48.16296157783631,46.94139681525517,47.143387492290906,106204000,46.64682510375977,,1.9748660276731125,0.023518439442597794
2019-06-19,47.581024169921875,48.06436336029958,47.44636374626964,48.01626720680548,84496800,46.639791870117186,,1.9225879668253192,-0.0029228649512328397
2019-06-20,47.963375091552734,48.23990966867827,47.61950662348392,48.18219647753628,86056000,46.64328018188476,,1.8861915083111298,0.008035785868446332
2019-06-21,47.79985046386719,48.297617045839175,47.64835564861981,47.80466081318877,191202400,46.63813232421875,,1.8716661308577576,-0.0034093644864109374
2019-06-24,47.75175857543945,48.131695453723225,47.65316659383222,47.742137876676,72881600,46.64002326965332,,1.8868316816234314,-0.0010061095999471803
2019-06-25,47.02796173095703,47.91527864823954,46.9606278404111,47.71569132459254,84281200,46.627821655273436,,1.915624009971684,-0.015157490866832712
2019-06-26,48.045135498046875,48.33129079167597,47.455994188986914,47.55698952746387,104270000,46.63423889160156,,1.9842271176843054,0.021629127218164568
2019-06-27,48.030704498291016,48.470757941574455,47.989825697883944,48.162957929928446,83598800,46.64027168273926,,2.04351905161022,-0.0003003633896806468
2019-06-28,47.59305191040039,47.97298880338543,47.383847569468884,47.77580483254112,124442400,46.61896286010742,,2.0827828188881146,-0.009111933552967133
2019-07-01,48.465946197509766,49.1729171624725,48.24952449254186,48.85550012954159,109012000,46.61161445617676,,2.155025349892398,0.018340792449131005
2019-07-02,48.74970245361328,48.84589111690566,48.420264996239915,48.43228903780425,67740800,46.60673133850098,,2.212688810176263,0.005854755315147342
2019-07-03,49.153682708740234,49.160896399131076,48.74008066996311,48.881954806612185,45448000,46.59579483032226,,2.2944186625758816,0.008286825042908674
2019-07-05,49.110389709472656,49.31478735855635,48.790569361806654,48.898782040275336,69062000,46.585525360107425,,2.341144361294356,-0.0008807681720230942
2019-07-08,48.09803771972656,48.42987849350585,47.71088709263234,48.28800435337881,101354400,46.56401580810547,,2.3091991903548155,-0.020613804853412243
2019-07-09,48.39140701293945,48.4563302284681,47.8070723886271,47.900854035834996,82312000,46.553068771362305,,2.2650264994345104,0.006099402535346465
2019-07-10,48.86992645263672,48.990159507500714,48.468348489697576,48.538085716282815,71588400,46.550206985473636,,2.2107195434253177,0.009888520901434328
2019-07-11,48.51404571533203,49.148876203945925,48.504428683799176,48.889172321891756,80767200,46.55910354614258,,2.111198746226416,-0.0072822032513103485
2019-07-12,48.88676452636719,49.05509008201993,48.622250318040074,48.68236685000333,70380800,46.52826431274414,,2.0142026818515375,0.0076826990109664095
2019-07-15,49.3460578918457,49.50476275463342,49.05509224982773,49.076733321677594,67789600,46.51317443847656,,1.839784763037464,0.009395045262829749
2019-07-16,49.17532730102539,49.56247794635003,48.93486115285412,49.19696837374747,67467200,46.48221389770508,,1.5516052056457752,-0.003459862816083792
2019-07-17,48.89878845214844,49.317197165331336,48.87955072165859,49.067114007407184,56430000,46.46138862609863,,1.3504091571836871,-0.005623528384145371
2019-07-18,49.45426940917969,49.50717225584537,48.98295413958238,49.055094718601254,74162400,46.478597717285155,,1.1926762542905038,0.01135981022464061
2019-07-19,48.71603012084961,49.656253525850616,48.66072394091478,49.48552096706686,83717200,46.48085021972656,,1.0299791431641026,-0.014927715991959412
2019-07-22,49.82939147949219,49.831794819859134,48.96130860817309,48.97092563886281,89111600,46.515813980102536,,0.9958898439010087,0.022854106869559576
2019-07-23,50.21894073486328,50.23577512352253,49.84621753643369,50.12756610958403,73420800,46.57189056396484,,1.0105931298658533,0.0078176602965625
2019-07-24,50.17807388305664,50.29349661412173,49.817374637908586,49.9376077196246,59966400,46.6822647857666,,1.037126465704433,-0.0008137736720175148
2019-07-25,49.78129577636719,50.315130841148026,49.711558548782996,50.230966233848946,55638400,46.77056396484375,,1.0222987130144003,-0.007907400104957607
2019-07-26,49.95442581176758,50.43295097254841,49.81014469309944,49.89190228137479,70475600,46.85145660400391,,1.0036482506618007,0.003477812955655857
2019-07-29,50.42093276977539,50.651781852516805,50.12275713821061,50.127567487848594,86693600,46.94571929931641,,0.9714629356629125,0.009338651189098934
2019-07-30,50.20451354980469,50.53635795177346,49.8510280788088,50.199703200280354,135742800,47.04084770202637,,0.9294010636956546,-0.00429224943058637
2019-07-31,51.22889709472656,53.23198017795233,50.810488422778725,52.04167369901754,277125600,47.1848868560791,,1.0066983525600834,0.020404212141317712
2019-08-01,50.12034606933594,52.42882203289072,49.71396145377212,51.43569589333076,216071600,47.289874420166015,,0.9974100412226906,-0.021639174143078255
2019-08-02,49.059898376464844,49.63941893170146,48.485184501744115,49.4230008933899,163448400,47.39202438354492,,0.978042162059103,-0.021158028146974095
2019-08-05,46.4917106628418,47.76858495057631,46.30895776439126,47.6098801276261,209572000,47.45781585693359,,1.0607144871542702,-0.052348003127031806
2019-08-06,47.371822357177734,47.629122848973516,46.66004107684591,47.205900158800496,143299200,47.54452789306641,,1.078160859857223,0.018930507864477475
2019-08-07,47.86237716674805,47.98742058242515,46.60714733685603,46.9894876050677,133457600,47.644610214233396,,1.0360170751272535,0.010355413517166179
2019-08-08,48.91801834106445,48.942066419431114,47.946536884130055,48.14131384354654,108038000,47.76989303588867,,1.02019698663286,0.022055761472913327
2019-08-09,48.514915466308594,48.9421549559732,48.104566960105785,48.58974259670762,98478800,47.88268913269043,,1.00748701665137,-0.008240376213634826
2019-08-12,48.39181900024414,48.770787036366336,48.070783439340296,48.184232234665835,89927600,48.00855743408203,,0.9776979168637692,-0.002537291158426047
2019-08-13,50.441131591796875,51.20630503224994,48.39181598767111,48.522163128006966,188874000,48.18392456054688,,1.0011959138508755,0.04234832733901572
2019-08-14,48.93973922729492,49.83043100155141,48.901117587348956,49.0387057984706,146189600,48.29877258300781,,0.9992071904278765,-0.0297652395400686
2019-08-15,48.69596481323242,49.51665470438056,48.196306832273834,49.111138386353566,108909600,48.39479820251465,,1.0026602123700115,-0.004981113874152787
2019-08-16,49.844913482666016,50.00422498598846,49.202842526726954,49.309050195608584,110481600,48.500913772583004,,1.0109428564351948,0.023594330122429064
2019-08-19,50.774227142333984,51.34870838911416,50.69698386163212,50.839397016868546,97654400,48.60190574645996,,1.03180226142885,0.01864410217084922
2019-08-20,50.776649475097656,51.498376326278965,50.766995904716254,50.902167989034204,107537200,48.69125953674316,,1.0550099282256882,4.7707919943018595e-05
2019-08-21,51.32698059082031,51.57077276819993,51.075947316905996,51.41146496127451,86141600,48.78089508056641,,1.1119482179948126,0.010838271556152135
2019-08-22,51.283546447753906,51.76147735075136,50.8707854293723,51.45975264476458,89014800,48.872643661499026,,1.1492297542221444,-0.000846224394391415
2019-08-23,48.91319274902344,51.18457709703032,48.517330103465945,50.55215964287231,187272000,48.917177734375,,1.1487506505561682,-0.04622054953132604
2019-08-26,49.842498779296875,50.01146384351364,49.49732387088919,49.690428379920704,104174400,48.98707893371582,,1.149964982682402,0.01899908752719881
2019-08-27,49.28009796142578,50.33975507394486,49.128027517733194,50.17320243240788,103493200,49.04020126342773,,1.1490376513799188,-0.011283559846415603
2019-08-28,49.61077880859375,49.6566415495546,49.0773316334955,49.265607540372834,63755200,49.078006744384766,,1.1430049660069286,0.006710231124678501
2019-08-29,50.45077896118164,50.52560977566885,49.883538772750256,50.327676617695595,83962000,49.13540184020996,,1.1546007228827715,0.01693180741686695
2019-08-30,50.38561248779297,50.79836981530883,50.01388559438315,50.72837130541788,84573600,49.18384658813476,,1.1516816109414636,-0.0012916841866567053
2019-09-03,49.65181350708008,49.96077929036558,49.29457251074922,49.82801969211884,80092000,49.220885848999025,,1.1511155101397788,-0.014563661023088037
2019-09-04,50.494232177734375,50.56423068697994,50.042853208775554,50.30112763465436,76752400,49.27573532104492,,1.157044412420076,0.01696652370077434
2019-09-05,51.48146438598633,51.64801697561878,51.054221266906815,51.17249865104806,95654800,49.364805374145504,,1.2015459557044863,0.019551385686527478
2019-09-06,51.476646423339844,51.756647829615176,51.295611602876754,51.667338496798834,77449200,49.433435592651364,,1.245358088898942,-9.3586355865094e-05
2019-09-09,51.69629669189453,52.24422971409327,50.94802173358443,51.85802067014054,109237600,49.50674743652344,,1.295288711765455,0.00426698869907538
2019-09-10,52.30698776245117,52.32629858320283,51.102505243761776,51.62147019999855,127111600,49.601026153564455,,1.3701538761804044,0.011813052571179483
2019-09-11,53.970096588134766,53.99906466223968,52.555611127572114,52.63768304051297,177158400,49.71110916137695,,1.5617670251036417,0.03179515580664849
2019-09-12,53.84940719604492,54.65320220033747,53.79389088518872,54.26216818647291,128906800,49.81310325622559,,1.7007350640274248,-0.002236227090917975
2019-09-13,52.80181884765625,53.294231903404,52.384232923026595,53.103543526785714,159053200,49.88606597900391,,1.7722083963273998,-0.019454036784004036
2019-09-16,53.07940673828125,53.13492673389949,52.514578994614034,52.5556131110518,84632400,49.96544631958008,,1.8366655082509624,0.005257165315192935
2019-09-17,53.27250671386719,53.30147478658286,52.89112629104588,53.09388806740575,73274800,50.06893569946289,,1.768116888459663,0.003637945249427066
2019-09-18,53.77217483520508,53.79148565966126,52.96837972263677,53.35941378917583,101360000,50.176551055908206,,1.7608373649181916,0.009379474557517309
2019-09-19,53.33527374267578,54.011134128612156,53.19285688413081,53.58871954582049,88242400,50.265858001708985,,1.7360922594524493,-0.008125040392512717
2019-09-20,52.55561065673828,53.72147526283461,52.492853249204686,53.43664893268685,221652400,50.34668930053711,,1.718437450726543,-0.014618151013888192
2019-09-23,52.794578552246094,53.06492269024206,52.536300455068584,52.85009486276398,76662000,50.42484558105469,,1.6787211501313786,0.004546953075450055
2019-09-24,52.543548583984375,53.70458841613915,52.425274849365564,53.35217231781043,124763200,50.48879539489746,,1.6104095275693708,-0.004754843681786358
2019-09-25,53.352169036865234,53.46561782079942,52.413201900566875,52.75354825236944,87613600,50.57233222961426,,1.6429018263151596,0.015389528775133554
2019-09-26,53.076988220214844,53.33043767114045,52.8211262979487,53.103540137610146,75334000,50.655896224975585,,1.6007468752192415,-0.005157818728236618
2019-09-27,52.81870651245117,53.33525891129644,52.446979720392456,53.23387619843545,101408000,50.723184967041014,,1.5217154150362984,-0.004866171130360142
2019-09-30,54.06182098388672,54.20906277348867,53.29423149087837,53.32078340976273,103909600,50.830100784301756,,1.539680978449196,0.02353549629509577
2019-10-01,54.21147155761719,55.08768113804096,54.11733361218703,54.32733647750223,139223200,50.91774238586426,,1.585273746369313,0.002768137865261089
2019-10-02,52.85251235961914,53.96768564033437,52.60388782541524,53.84216713743621,138449200,50.970413818359376,,1.5776187263444594,-0.025067742286864814
2019-10-03,53.30147933959961,53.33527235801911,51.928027942473314,52.72457818852778,114426000,51.03288192749024,,1.5889295235289818,0.00849471406251423
2019-10-04,54.795616149902344,54.911481082685206,54.042512502627346,54.46492706842939,138478800,51.133168334960935,,1.6558815975470311,0.028031807537332032
2019-10-07,54.80767822265625,55.50043683524637,54.51319467181286,54.616989865878416,122306000,51.230233383178714,,1.6010891336535342,0.00022012842634899776
2019-10-08,54.16561508178711,55.04906586143017,54.14872041432739,54.50837757211548,111820000,51.30512702941895,,1.557128943714128,-0.011714839265052568
2019-10-09,54.80044937133789,54.983896672215714,54.46493163540789,54.80044937133789,74770400,51.39704574584961,,1.4827996793050815,0.011720245188616696
2019-10-10,55.5390625,55.62354688075504,54.865614658027944,55.01768138695956,113013600,51.48324905395508,,1.4479704861881226,0.01347823123962244
2019-10-11,57.01631546020508,57.36148675350635,56.07493217425429,56.22941507530571,166795600,51.62116844177246,,1.5536746297932598,0.026598449698445714
2019-10-14,56.934242248535156,57.47976285795485,56.64458727603736,56.70010358900176,96427600,51.77865531921387,,1.6119593068821199,-0.001439468878468797
2019-10-15,56.80148696899414,57.363898569381924,56.695279285142476,57.05976139730357,87360000,51.984850845336915,,1.5727814965766374,-0.002331729980026731
2019-10-16,56.572174072265625,56.78217697135607,56.289760190553885,56.33079430842692,73903200,52.16885787963867,46.54690587997437,1.5503744374003348,-0.004037093198875019
2019-10-17,56.791831970214844,57.00183119142603,56.36700490110861,56.74596922462551,67585200,52.34744697570801,46.64252910614014,1.579242283174895,0.003882790462827579
2019-10-18,57.06459045410156,57.34700433383881,56.55286285379047,56.625277519068376,97433600,52.51037841796875,46.75827579498291,1.6033414205209275,0.004802776639249329
2019-10-21,58.05423355102539,58.17009846534836,57.28423535904102,57.33251056509452,87247200,52.70116477966309,46.8717315864563,1.6839816295916006,0.017342507657525763
2019-10-22,57.921485900878906,58.46217417871,57.83941398742584,58.21114086159737,82293600,52.89175811767578,46.98491725921631,1.7564610181216265,-0.0022866144642114117
2019-10-23,58.6987190246582,58.71320490183366,58.22561683213634,58.43803216609602,75828800,53.05690986633301,47.09862590789795,1.907057088589987,0.013418735926584713
2019-10-24,58.7952766418457,59.08976021494453,58.36803347707731,59.01975802880855,69275200,53.254020614624025,47.209764289855954,2.0383354090927637,0.0016449697504801186
2019-10-25,59.5194206237793,59.555626113882134,58.626316264002334,58.69390230096949,73477200,53.47048973083496,47.32393901824951,2.1664060094884707,0.012316363206261505
2019-10-28,60.11561965942383,60.16389486651577,59.55320447305527,59.72216953945817,96572800,53.67590385437012,47.44289554595947,2.314763367522373,0.010016882378830472
2019-10-29,58.725276947021484,60.28459173110838,58.55148691792792,60.096315823357926,142839600,53.834924850463864,47.5576314163208,2.3600728822643675,-0.02312781137879183
2019-10-30,58.718040466308594,59.21045725080775,58.223214893254514,59.080110114785,124522000,53.99375267028809,47.66866975784302,2.4056049657579774,-0.00012322599550140811
2019-10-31,60.045631408691406,60.144598000245004,57.26976400055406,59.67873680314544,139162000,54.16812568664551,47.78411598205567,2.489484606836643,0.022609592074935847
2019-11-01,61.74976348876953,61.77631172288636,60.14217362403944,60.233895415689204,151125200,54.37745002746582,47.906985664367674,2.623952544496292,0.028380617208922487
2019-11-04,62.15528869628906,62.23977308622878,61.64356477961523,62.114250895578095,103272000,54.642291946411135,48.030738067626956,2.755642948141724,0.006567234991811555
2019-11-05,62.06599044799805,62.32185245203202,61.87047339522354,62.04667593845187,79897600,54.886761779785154,48.15824193954468,2.82768753174861,-0.0014366958977112265
2019-11-06,62.092529296875,62.152874239005016,61.641150308354646,61.979080511017536,75864400,55.14301040649414,48.285139064788815,2.9040081818292616,0.0004275908381610183
2019-11-07,62.809146881103516,63.03188619477791,62.48956727869956,62.64209424295783,94940400,55.40697776794433,48.417074279785155,2.9768860493351945,0.011541124066668962
2019-11-08,62.98105239868164,63.05368077510986,62.18452672446015,62.62999800624924,69986400,55.657583236694336,48.54383449554443,3.0077780763683735,0.0027369503665370942
2019-11-11,63.47978591918945,63.54515145691067,62.530733281478504,62.53557271034788,81821200,55.919466705322264,48.6748295211792,3.0938295946335113,0.007918786706686554
2019-11-12,63.42168426513672,63.62263511077669,63.169900938505386,63.322420546805475,87388800,56.1948641204834,48.80746604919434,3.149146075223342,-0.0009152780402678085
2019-11-13,64.02936553955078,64.1044173295608,63.20621186985133,63.220737546082844,102734400,56.46556678771972,48.93053520202637,3.1280567968345157,0.009581601016359409
2019-11-14,63.58632278442383,64.12863444347389,63.45558429931632,63.85505520490024,89182800,56.707663955688474,49.04996988296509,3.0677860116982685,-0.00691936818979233
2019-11-15,64.34168243408203,64.34652186335124,63.67589518170433,63.83810102930176,100206400,56.96496467590332,49.17308595657349,3.0963832988330564,0.01187927869675831
2019-11-18,64.66609954833984,64.7459907652778,63.97126096462461,64.35135933282704,86703200,57.22436073303223,49.29218313217163,3.108719723698471,0.005042098714005183
2019-11-19,64.4699935913086,64.88399011619691,64.25210107233796,64.85977819443546,76167200,57.467620849609375,49.406805477142335,3.03438928057769,-0.0030325929412930996
2019-11-20,63.71946334838867,64.41914128522336,63.04398994297534,64.2884102171619,106234400,57.66260818481445,49.51760360717773,2.929100964427908,-0.011641543625360407
2019-11-21,63.43378829956055,63.91799719185671,63.23283747173048,63.8405219958634,121395200,57.854295806884764,49.63090892791748,2.827469661318154,-0.004483324777331932
2019-11-22,63.37809371948242,63.71703842416514,63.1505149773868,63.574197705350294,65325200,58.06582130432129,49.74369625091553,2.7804205233118795,-0.0008779954905910881
2019-11-25,64.48934936523438,64.50629844685929,63.5572459255858,63.60324635374478,84020400,58.29402015686035,49.86321367263794,2.7503943432916316,0.01753374992107659
2019-11-26,63.98577117919922,64.68060959501683,63.55240225316691,64.62734633378136,105207600,58.508285446166994,49.97846446990967,2.6697180692870153,-0.007808703157836994
2019-11-27,64.84525299072266,64.87915115912348,64.23272904675291,64.2980945863872,65235600,58.72974700927735,50.09886304855347,2.5800456110620393,0.013432389665451794
2019-11-29,64.70238494873047,64.88396320396545,64.37554261161989,64.54501860521445,46617600,58.957089233398435,50.2178046798706,2.4658264788830233,-0.002203215122202229
2019-12-02,63.95430374145508,64.9445099213031,63.782411673986815,64.70724493258149,94487200,59.18506309509277,50.33346105575561,2.3126193029293036,-0.011561879950301113
2019-12-03,62.814002990722656,62.83336809595727,62.0489520362288,62.538000369149145,114430400,59.385451583862306,50.44280511856079,2.180362179645105,-0.017829929872151484
2019-12-04,63.3684196472168,63.748525426548454,63.11178950805523,63.2062137948775,67181600,59.601949005126954,50.55360382080078,2.0221917822946445,0.008826322636626527
2019-12-05,64.298095703125,64.37315487896743,63.608103940788965,63.86473406321347,74424400,59.82086753845215,50.67021266937256,1.9142662046056447,0.014670967985060512
2019-12-06,65.54008483886719,65.61029718875501,64.7145078879973,64.75809229839278,106075600,60.070129470825194,50.790743808746335,1.8352877532654062,0.01931611072086259
2019-12-09,64.62252044677734,65.56187946871975,64.13588815754103,65.36819887188322,128042400,60.30620574951172,50.905177974700926,1.7437590692317249,-0.014000048891387729
2019-12-10,65.00019073486328,65.38513583692486,64.36587101264504,65.02924208016003,90420400,60.52497314453125,51.02138074874878,1.6837741192297127,0.0058442519028174544
2019-12-11,65.55461120605469,65.63450980225757,65.00503683196938,65.08008861116568,78756800,60.7518359375,51.139708824157715,1.5029402688788196,0.008529520681760605
2019-12-12,65.7216567993164,65.98797311069951,64.71934844903421,64.83071440163451,137310400,61.009218826293946,51.26093217849731,1.2629706919836718,0.002548189825070546
2019-12-13,66.61502838134766,66.65134256594871,65.59334745340905,65.72166249795971,133587600,61.275489807128906,51.38444259643555,1.1718097225972046,0.013593260205828184
2019-12-16,67.75535583496094,67.9805186152765,67.0581011428802,67.06294057261299,128186000,61.534684600830076,51.51260066986084,1.2932449753788269,0.017118171099249624
2019-12-17,67.8885269165039,68.21778550549796,67.49873481122702,67.68516001357641,114158400,61.79630157470703,51.64180782318115,1.4097492171061154,0.0019654694437343245
2019-12-18,67.7262954711914,68.24924196202495,67.57619189657501,67.7408211469,116028400,62.067515182495114,51.771413536071776,1.4748136574793744,-0.0023896739652641275
2019-12-19,67.79407501220703,68.07491701766699,67.53502890572648,67.66818337738994,98369200,62.3273876953125,51.903777503967284,1.5192790426726974,0.0010007861871679236
2019-12-20,67.6536636352539,68.43081679971336,67.44061055116062,68.32913707494946,275978000,62.569679718017575,52.03494836807251,1.5680759170755596,-0.002071145257573681
2019-12-23,68.75767517089844,68.81820129340804,67.8788346899083,67.91757229492757,98572000,62.804506912231446,52.16446496963501,1.6799209424970707,0.016318577240645338
2019-12-24,68.82304382324219,68.97315482011902,68.49620865772349,68.9247309645532,48478800,63.04228294372559,52.29190097808838,1.7871192152185849,0.0009507106251231967
2019-12-26,70.18851470947266,70.20546379727104,68.92715236508394,68.95620372219958,93121200,63.31002349853516,52.42520618438721,1.9685892198441375,0.01984031525454477
2019-12-27,70.16185760498047,71.17143628217687,69.7551239546679,70.48143721098629,146266000,63.581817169189456,52.5559587097168,2.127191376400975,-0.0003797929704386638
2019-12-30,70.57828521728516,70.86155066913318,69.05303016763328,70.07955065116069,144114400,63.85754623413086,52.68593088150024,2.2701739074308622,0.005935242117579342
2019-12-31,71.09394836425781,71.10121119998283,70.09405611162488,70.19331979215958,100805600,64.13813339233398,52.8162056350708,2.4392929820947074,0.007306257801321214
2020-01-02,72.71607208251953,72.77659819422657,71.46681225027338,71.72101896406637,135480400,64.43137016296387,52.95637561798096,2.702415519439268,0.022816621605408427
2020-01-03,72.00910949707031,72.77173687491619,71.78395417961447,71.9413205610049,146322800,64.7131226348877,53.091058559417725,2.863604939140899,-0.009722232859978308
2020-01-06,72.58289337158203,72.62163096070418,70.87606037263818,71.12785100771227,118387200,64.99080612182617,53.22031019210815,3.00564280005934,0.007968212334788838
2020-01-07,72.24154663085938,72.84922374466596,72.02123070618616,72.59259363206662,108872000,65.25973152160644,53.35269384384155,3.0810664928449873,-0.004702853866339507
2020-01-08,73.40363311767578,73.70626361557562,71.94374389134458,71.94374389134458,132079200,65.53741577148438,53.49365465164185,3.19076602779069,0.016086124135110902
2020-01-09,74.96282196044922,75.15650261655212,74.13240524945394,74.38418862469904,170108400,65.83435981750489,53.644747009277346,3.4084322650089707,0.021241303414421653
2020-01-10,75.13224792480469,75.69877866776542,74.62867407248754,75.19762083507513,140644800,66.16249923706054,53.79467430114746,3.569412263051209,0.0022601332223706194
2020-01-13,76.73741912841797,76.76405445807666,75.33079296168272,75.44942915816804,121532000,66.52288681030274,53.95232801437378,3.825561089549522,0.02136461037635673
2020-01-14,75.70121002197266,76.88510420958616,75.57774178905865,76.6744745414686,161954400,66.83599838256836,54.10332752227783,3.9560401934489917,-0.013503309313950829
2020-01-15,75.37680053710938,76.38395596192076,74.94343149157285,75.50027617412253,121923600,67.10853912353515,54.25115989685059,3.998486296862146,-0.004285393651820346
2020-01-16,76.32099914550781,76.43237250443956,75.5583716587375,75.92152830847965,108829200,67.39185333251953,54.40038358688354,3.988580394501862,0.01252638214504187
2020-01-17,77.16593933105469,77.16835535095495,76.26288724448004,76.57035717765905,137816400,67.69385231018066,54.55223901748657,4.007581011860579,0.011070874267984587
2020-01-21,76.64299774169922,77.23614913553814,76.5049964495613,76.79310129941813,110843200,67.98486167907714,54.70107255935669,3.999854282439973,-0.006776844730833398
2020-01-22,76.91658782958984,77.47100170840719,76.82216354627624,77.12963354237134,101832400,68.26701049804687,54.84970502853393,4.028172836740645,0.0035696684100572362
2020-01-23,77.2870101928711,77.3669014145498,76.42027207993955,76.96985393819801,104472000,68.55312965393067,54.99647665023804,3.9862707531608046,0.004815896983130896
2020-01-24,77.06426239013672,78.2796239983564,76.87299781703734,77.53394558679635,146537600,68.8248191833496,55.14285316467285,3.910498329814812,-0.002882085905231757
2020-01-27,74.79817199707031,75.48090092368226,73.81280512269632,75.06690438729518,161940000,69.05234893798828,55.276557807922366,3.749874637093639,-0.02940520447200745
2020-01-28,76.91415405273438,77.08604612277858,75.58257973802782,75.68184343719155,162234000,69.31004470825195,55.422842521667484,3.631792325073087,0.028289221503259965
2020-01-29,78.5241470336914,79.37393591584485,77.80752001617462,78.55078236199498,216229200,69.6088011932373,55.57727304458618,3.601980367202739,0.020932336847300892
2020-01-30,78.41036224365234,78.46362551493233,77.17078871761717,77.60415772537527,126743200,69.89017478942871,55.73070348739624,3.589169775841622,-0.0014490420378617808
2020-01-31,74.93373107910156,78.12224171387334,74.6383634318401,77.69855903722024,199588400,70.09552742004395,55.866726818084715,3.444653555656787,-0.044338924921013656
2020-02-03,74.72795867919922,75.89731989448796,73.16880546652003,73.67237945985059,173788400,70.30068672180175,55.997074146270755,3.2639732720602743,-0.002746058376368876
2020-02-04,77.19500732421875,77.3862719133486,75.93122176752728,76.33795548064964,136616400,70.57019760131836,56.138882350921634,3.1097462553021855,0.03301372991613971
2020-02-05,77.82447052001953,78.62583557722229,77.21920945636545,78.32562106551018,118826800,70.85801124572754,56.28303541183472,2.923992953419348,0.008154195687255283
2020-02-06,78.73478698730469,78.73721039613278,77.53637437960353,78.09563507421905,105425600,71.16514511108399,56.428206806182864,2.812870982921176,0.011697046715544168
2020-02-07,77.66455841064453,78.48238543817546,77.17192034743294,78.23242636976711,117684000,71.42864929199219,56.56841028213501,2.6171935680801486,-0.013592830026106784
2020-02-10,78.033447265625,78.033447265625,76.1648229834898,76.24490381310511,109348800,71.7096028137207,56.71270994186401,2.4951217457126025,0.004749770841804057
2020-02-11,77.5626449584961,78.60374012100387,77.34423530217373,78.53093937088862,94323200,71.96395065307617,56.855829372406006,2.3195373390349197,-0.00603333985138832
2020-02-12,79.40458679199219,79.40943770675925,78.0140331926388,78.0140331926388,113730400,72.25799468994141,57.007787227630615,2.212410518037617,0.0237477955332972
2020-02-13,78.83911895751953,79.16673706133996,78.4702495744921,78.6740990287421,94747600,72.55569099426269,57.16163673400879,2.0755495697925475,-0.007121349752174266
2020-02-14,78.85855865478516,79.10851777495836,78.34893117896286,78.80759072301922,80113600,72.87658210754394,57.30378589630127,2.022902761014411,0.00024657425809260225
2020-02-18,77.41458892822266,77.59659814984073,76.3492247294839,76.53123395110197,152531200,73.15750549316407,57.44035608291626,1.851912468051107,-0.018310881547856983
2020-02-19,78.53578186035156,78.76632988761132,77.65728500864738,77.65728500864738,93984000,73.4422592163086,57.57941822052002,1.7234094838271086,0.014482966940100317
2020-02-20,77.7301025390625,78.78575796634391,77.22290417552242,78.29554891500301,100566000,73.6860595703125,57.718368473052976,1.5024214803637004,-0.010258754700140149
2020-02-21,75.97064971923828,77.76648004856685,75.35182129897947,77.32237337955563,129554000,73.91302215576172,57.8552526473999,1.3591218780467786,-0.022635411022904894
2020-02-24,72.3620376586914,73.8181119648714,70.19006459555902,72.13877707909086,222195200,74.06025909423828,57.974045810699465,1.5640844819845425,-0.04750008159576202
2020-02-25,69.9109878540039,73.41770360998564,69.4377680797705,73.03427391263857,230673600,74.14738662719726,58.083194732666016,2.003257457041334,-0.033872039594135206
2020-02-26,71.02001953125,72.28923357582319,69.5275449173606,69.53482499231708,198054800,74.25335388183593,58.20121927261353,2.2630942517209696,0.015863481711374083
2020-02-27,66.3775634765625,69.40620033933959,66.24166381662789,68.21707461192374,320605600,74.24860458374023,58.30981027603149,2.9315351762542132,-0.06536827341542395
2020-02-28,66.33873748779297,67.56427105877654,62.21562305087625,62.431610947009084,426510000,74.22027221679687,58.41467227935791,3.447070875609242,-0.0005849263928351389
2020-03-02,72.51492309570312,73.15317015362184,67.39682304876307,68.50343887480543,341397200,74.31280014038086,58.547697925567626,3.5037691099774775,0.09310074086119946
2020-03-03,70.2118911743164,73.77441717355254,69.35765634090362,73.69433636090781,319475600,74.36251205444336,58.67021839141846,3.6414407393642,-0.03175942031059242
2020-03-04,73.46863555908203,73.62880458228122,71.13649400429283,71.93976087414214,219178400,74.47600326538085,58.81032110214233,3.6569008770982885,0.046384513083119305
2020-03-05,71.08554077148438,72.69449642985231,70.71909308665877,71.71650028960082,187572800,74.54464080810547,58.945614109039305,3.7341654663237898,-0.03243690003853705
2020-03-06,70.14151000976562,70.57590748684923,68.24861680086957,68.43547696188391,226176800,74.57231750488282,59.07196681976318,3.8312592243658496,-0.01328020792236051
2020-03-09,64.59387969970703,67.48660954634035,63.82458392757783,64.00659319733327,286744800,74.48773422241212,59.17517421722412,4.261533571447477,-0.0790919714914351
2020-03-10,69.24604034423828,69.5129887846972,65.37045555760074,67.25607654604191,285290000,74.46888473510742,59.30539373397827,4.3748328043796,0.07202169410103343
2020-03-11,66.84107971191406,68.24619329059158,65.9747138459021,67.31673591637701,255598800,74.40246917724609,59.42441802978516,4.564414394447298,-0.03473065926035046
2020-03-12,60.240203857421875,65.52332643697281,60.18438872729354,62.11126047499214,418474000,74.19570755004882,59.51132774353027,5.143997910376691,-0.09875477599916171
2020-03-13,67.45748901367188,67.93071607578169,61.38565875889742,64.28325061879912,370732000,74.1229783630371,59.63534580230713,5.174984820352344,0.11980844509311539
2020-03-16,58.779293060302734,62.873283657436204,58.242970742071286,58.71619413875295,322423600,73.84424278259277,59.71486671447754,5.789609459456373,-0.12864688680615277
2020-03-17,61.36381149291992,62.516533028751404,57.85467155764232,60.06547737431807,324056000,73.63133682250977,59.811193752288816,6.1273996773536386,0.04396987949422404
2020-03-18,59.86163330078125,60.66975488014331,57.54404792376218,58.18714954728448,300233600,73.37691162109375,59.90213804244995,6.448081252709692,-0.024479871044385648
2020-03-19,59.40296936035156,61.35896164078844,58.876356338925326,60.036361741511776,271857200,73.1201400756836,59.983166198730466,6.708059509815962,-0.00766206859283447
2020-03-20,55.63174057006836,61.11385881136198,55.330817248448476,59.98539913252844,401693200,72.76470222473145,60.04185148239136,7.103806335406996,-0.06348552658043227
2020-03-23,54.449893951416016,55.45215955190559,51.595989830091725,55.350234801464175,336752800,72.35444366455079,60.0914052772522,7.518201498445055,-0.021244106449694877
2020-03-24,59.912601470947266,60.109170897229895,56.859698759909456,57.35961698057595,287531200,72.05005073547363,60.1623451423645,7.533141940685782,0.10032540236727483
2020-03-25,59.58256149291992,62.671864767772384,59.286492755183524,60.8517718897151,303602000,71.70695358276367,60.22871315002441,7.531386963806209,-0.00550869049122138
2020-03-26,62.71796798706055,62.77620858330938,59.78640491258839,59.82523444541299,252087200,71.44728874206542,60.30807697296142,7.291664834172352,0.052622888569723525
2020-03-27,60.12130355834961,62.09428153233142,59.95385443702902,61.33712415208677,204216800,71.14217880249024,60.37520290374756,7.103638170904501,-0.04140224104911461
2020-03-30,61.837039947509766,62.0093436795025,60.52414557218957,60.84933827038797,167976400,70.85249961853027,60.450955657958986,6.803129422780465,0.028537910650838993
2020-03-31,61.710845947265625,63.70081315714961,61.15511262455559,62.02875857181586,197002000,70.5433977508545,60.527772693634034,6.533495253703982,-0.0020407509859989847
2020-04-01,58.46380615234375,60.35912878890937,58.031837774101646,59.82038104472191,176218400,70.17981391906739,60.586971817016604,6.2238455665472445,-0.052617003463161116
2020-04-02,59.43938446044922,59.49277415354593,57.49067177138556,58.32548838745549,165934000,69.83026985168458,60.64556621551514,5.850027628204489,0.016686876416552865
2020-04-03,58.58515167236328,59.62624319106143,57.9930141845117,58.9224754113622,129880000,69.45623268127441,60.700586853027346,5.548580025602498,-0.014371494520679984
2020-04-06,63.69596862792969,63.85127936413574,60.51930084799207,60.88817032671101,201820400,69.18886680603028,60.779249820709225,5.325933571691096,0.08723741101070437
2020-04-07,62.95820999145508,65.93588600447147,62.853859800879945,65.71746898385814,202887200,68.95206756591797,60.855041618347165,5.202188344886149,-0.011582501253479816
2020-04-08,64.56962585449219,64.88510570226441,63.39505997306274,63.76150035495677,168895200,68.70517700195313,60.93913095474243,5.014939542499581,0.02559500759719535
2020-04-09,65.03555297851562,65.54032952455171,64.2371442763535,65.20786042767898,161834800,68.43540512084961,61.029168910980225,4.993279572161604,0.007215887003486854
2020-04-13,66.31204223632812,66.42125075775364,64.51136064871955,65.11320728466447,131022800,68.19343872070313,61.120503444671634,4.992729458711082,0.01962756060879789
2020-04-14,69.6610107421875,69.95222853281514,67.47689953040836,67.95012658868427,194994800,68.08798431396484,61.22865497589111,4.836655110646063,0.05050317246939939
2020-04-15,69.02518463134766,69.48627323972364,68.10300741459568,68.5325465687292,131154400,67.97392883300782,61.33581563949585,4.78226622019179,-0.0091274316014881
2020-04-16,69.57363891601562,69.94008655387744,68.52041300810855,69.74108800841772,157125200,67.82150146484375,61.44135410308838,4.540828509432229,0.007945712678599559
2020-04-17,68.62962341308594,69.63674726381512,67.1881094519009,69.08829031254295,215250000,67.63760452270508,61.54075370788574,4.411764452895272,-0.01356858025018981
2020-04-20,67.2051010131836,68.35782638874939,67.18568994969831,67.45263835997193,130015200,67.40701080322266,61.63101079940796,4.278291156796696,-0.02075666933691378
2020-04-21,65.12777709960938,67.2827683027009,64.41430008220807,67.04736932204841,180991600,67.15627517700196,61.711097736358646,4.286696082796755,-0.030910211907377527
2020-04-22,67.00366973876953,67.44048895263322,66.05722317141493,66.39939402555568,116862400,66.93567962646485,61.805625896453854,4.190971270414503,0.02880326525333543
2020-04-23,66.7440185546875,68.37482206031547,66.70518901812768,66.94786806714389,124814400,66.71930709838867,61.8973889541626,4.187812155222249,-0.0038751785550604767
2020-04-24,68.6708755493164,68.68058478279482,67.22208165212722,67.27062041354411,126161200,66.50463287353516,61.996393699646,4.289212649477807,0.0288693584287274
2020-04-27,68.71942138671875,69.05189045933044,67.93799464568525,68.38694490813113,117087600,66.30223892211914,62.09742057800293,4.3391384110201665,0.0007069348834423117
2020-04-28,67.60552215576172,69.36494515545422,67.51331034369456,69.18293587962397,112004800,66.07717819213867,62.1910143661499,4.331105383064404,-0.016209380237481308
2020-04-29,69.82603454589844,70.29683242001799,68.89414803177873,69.0979975124322,137280800,65.9254071044922,62.29341424942017,4.463815662263124,0.03284513334607042
2020-04-30,71.29907989501953,71.47623821292636,69.97648392480959,70.36719351970498,183064000,65.78067306518555,62.40403301239014,4.607612428933001,0.021095933038454584
2020-05-01,70.15123748779297,72.56103877053023,69.36981062017894,69.46688076275679,240616800,65.62909576416016,62.51029525756836,4.646119287498502,-0.016098979242321843
2020-05-04,71.14376831054688,71.27238786945037,69.4838450310099,70.1754815823106,133568000,65.53255813598633,62.61874275207519,4.488446243274379,0.014148443538527955
2020-05-05,72.21157836914062,73.04639490337159,71.45927182415636,71.60488073705282,147751200,65.5295489501953,62.73622049331665,4.212819185117936,0.015009186102325822
2020-05-06,72.95658111572266,73.58996968279646,72.5294637517046,72.91532243152679,142333600,65.5904608154297,62.8518564414978,4.279820931105243,0.010316943119199395
2020-05-07,73.71131896972656,74.05835557711725,73.28177979492443,73.58512855265982,115215200,65.64428680419923,62.96931833267212,4.3242153958645115,0.010345027720072952
2020-05-08,75.46576690673828,75.51930110394392,74.04468608439737,74.37319104788544,133838400,65.82605087280274,63.09575679779053,4.560607655436674,0.023801608240550998
2020-05-11,76.65323638916016,77.14963622761296,74.76251188703898,74.97178460114961,145946400,66.03234085083008,63.23011650085449,4.707780515588215,0.01573520724819999
2020-05-12,75.77725219726562,77.79207364909227,75.65558421726155,77.33946490194451,162301200,66.09758743286133,63.35923063278198,4.819627884000962,-0.011427882672132128
2020-05-13,74.86231994628906,76.88201322973275,73.78190749732052,75.95733196137674,200622400,66.19059600830079,63.48143756866455,4.832437365078529,-0.012073969752753544
2020-05-14,75.32221221923828,75.38304620688119,73.37308887883164,74.09823268490378,158929200,66.2276675415039,63.60702606201172,4.616187329003433,0.006143174206719504
2020-05-15,74.87689971923828,74.92313414173562,73.05188017652294,73.08595077247826,166348400,66.30349472045899,63.72526607513428,4.375767597824522,-0.005912100652379126
2020-05-18,76.64110565185547,77.01584517686892,75.51203045613542,76.20553955193793,135178400,66.43348663330079,63.85786987304687,4.060820259735511,0.023561417997170375
2020-05-19,76.19822692871094,77.50736817025115,76.16659206539425,76.65812803670754,101729600,66.66557357788086,63.9935615158081,4.027868376339645,-0.005778605610888721
2020-05-20,77.6801528930664,77.75071498536498,77.0207069953293,77.0596416459209,111504800,66.83425582885742,64.14950372695922,3.9783113886919232,0.01944829983697538
2020-05-21,77.10100555419922,78.08408497746194,76.86253362412333,77.54144307709652,102688800,67.03945434570312,64.29814964294434,3.9424285004579858,-0.007455538091749592
2020-05-22,77.59739685058594,77.68013017413679,76.73598559499173,76.83818252513326,81803200,67.3865982055664,64.44682474136353,3.9131008871436714,0.006438194843487066
2020-05-26,77.07179260253906,78.89924040659268,77.01582266467501,78.71917419280368,125522000,67.57888427734375,64.5875936126709,3.886539881316295,-0.00677347784048643
2020-05-27,77.40760803222656,77.55361111108796,76.18606403867054,76.92824326203885,112945200,67.95145057678222,64.73205707550049,3.97184491483977,0.004357176839253185
2020-05-28,77.44166564941406,78.70457981685169,76.80412665218442,77.08152577208277,133560800,68.27300765991211,64.87730630874634,4.021550700905033,0.00043997764629710723
2020-05-29,77.36625671386719,78.1473632781746,77.00855245854444,77.68502631390008,153532400,68.62310012817383,65.0119319343567,4.064808028196817,-0.0009737514671785963
2020-06-01,78.31768035888672,78.43934833911615,77.18859793786604,77.32000143580059,80791200,69.00139434814453,65.15882164001465,4.094552014068584,0.012297656438753357
2020-06-02,78.68023681640625,78.70457189402366,77.60712449987925,78.04999766403765,87642800,69.46236427307129,65.30874300003052,4.043941530336611,0.0046293053606558665
2020-06-03,79.1133804321289,79.37618740858451,78.42717129207927,79.00144797787304,104491200,69.95563400268554,65.45508533477783,3.82743263573966,0.005505113269210993
2020-06-04,78.43205261230469,79.23505835292487,78.05731313453714,78.93575985874213,87560400,70.3260230255127,65.59337446212768,3.659719407684595,-0.008612042818834209
2020-06-05,80.66587829589844,80.7267122915967,78.6534923915688,78.68269152133999,137250400,70.74768936157227,65.74282060623169,3.5222085449979423,0.028481030512304883
2020-06-08,81.14280700683594,81.17687760567065,79.64872807646304,80.36170065582685,95654400,71.11618614196777,65.89189973831176,3.489503363717647,0.005912397174776096
2020-06-09,83.70513916015625,84.09934224911986,80.78997894985643,80.82161381457999,147712400,71.5878628540039,66.05400770187379,3.574535656411577,0.03157805661202295
2020-06-10,85.858642578125,86.32827910756656,84.21612516678438,84.65656257485465,166651600,72.06829490661622,66.23873495101928,3.669593775618897,0.025727254498058683
2020-06-11,81.73653411865234,85.42550756039871,81.63433719073035,84.99966970000351,201662400,72.46880867004394,66.39820512771607,3.5666939831789954,-0.048010407988011705
2020-06-12,82.4422378540039,84.63226196090983,81.327762187052,83.88279031177558,200146000,72.94837730407716,66.56401582717895,3.544935335320133,0.008633883770103656
2020-06-15,83.4617919921875,84.1163662672843,80.92866395631923,81.09170230417108,138808800,73.42882545471191,66.73327089309693,3.4566917598652194,0.012366890622123927
2020-06-16,85.67371368408203,85.94625617218522,83.88276474697345,85.52284659086101,165428800,73.9705966949463,66.90938556671142,3.5234693506737313,0.02650220704704709
2020-06-17,85.55448150634766,86.48159083556952,85.43281353741015,86.42075685110076,114406400,74.40776695251465,67.0852299118042,3.584946105503898,-0.001391700821725017
2020-06-18,85.58855438232422,86.00709250366052,84.97777878565866,85.51068509788405,96820400,74.86037384033203,67.26491361618042,3.6369998856089927,0.0003982593942086776
2020-06-19,85.09943389892578,86.76385061570909,83.98738701900047,86.29664983171162,264476000,75.2709700012207,67.43793962478638,3.6546639695903043,-0.005714788465914888
2020-06-22,87.32598876953125,87.46955611781256,85.44743456028412,85.49366899417434,135445200,75.71677871704101,67.6171622467041,3.8473238310414297,0.026164156077113088
2020-06-23,89.18992614746094,90.61344295119446,88.1533126161021,88.57428648623221,212155600,76.17433639526367,67.8057286453247,4.158994163398083,0.02134458944231299
2020-06-24,87.61555480957031,89.7398806476171,87.24081531062652,88.81763517839552,192623200,76.53342727661133,67.98532493591308,4.280373999024875,-0.017651896418073743
2020-06-25,88.77870178222656,88.81763643178542,87.00965180666661,87.77129464423196,137522400,76.9284976196289,68.16768350601197,4.385536601423953,0.01327557618261177
2020-06-26,86.0509033203125,88.89550150488402,85.90246451179942,88.67406487318402,205256800,77.25804290771484,68.32808753967285,4.335039766447184,-0.030725820575810303
2020-06-29,88.03409576416016,88.12900036647599,85.47906782275209,85.95844002880014,130646000,77.64613235473632,68.49901098251343,4.3114996214149865,0.02304673591241113
2020-06-30,88.76895141601562,89.0560934802323,87.60094182870904,87.62040543722048,140223200,78.07740936279296,68.67884664535522,4.369673769040252,0.00834739819244712
2020-07-01,88.60103607177734,89.39187779218567,88.55237334459665,88.84680772121614,110737200,78.54687454223632,68.8564547920227,4.358850851110795,-0.0018915999520073834
2020-07-02,88.60103607177734,90.14865634616976,88.48667532119246,89.51111743972731,114041600,78.97882186889649,69.03309743881226,4.3796907033552115,0.0
2020-07-06,90.97114562988281,91.44078222719904,90.00266588363523,90.03430074503379,118655600,79.46336441040039,69.21909229278565,4.458063213940661,0.026750359399696055
2020-07-07,90.68887329101562,92.13185365235528,90.57694083639849,91.35074735374833,112424400,79.90372436523438,69.40586029052734,4.49655761608049,-0.003102877697238382
2020-07-08,92.801025390625,92.83266025069595,91.58190996618218,91.66951476530353,117092000,80.3853564453125,69.60708736419677,4.57958986677741,0.02329009086739453
2020-07-09,93.20008850097656,93.75002260337047,92.14887559615345,93.69648840656866,125642800,80.8972477722168,69.80911491394043,4.642982586585266,0.0043002015190218845
2020-07-10,93.3631362915039,93.42154196968667,92.18052712914378,92.79373105488341,90257200,81.36798980712891,70.01321285247803,4.655592134708541,0.0017494381512914714
2020-07-13,92.93242645263672,97.29057387515883,92.71828964483974,94.67227687695217,191649200,81.80065673828125,70.21111413955688,4.577567505267575,-0.004613275174501386
2020-07-14,94.4703140258789,94.6625440704525,91.37508059280022,92.31191801469724,170989200,82.28703826904297,70.4180807685852,4.583032209161196,0.016548449577241664
2020-07-15,95.12003326416016,96.60194849384463,93.91795292676309,96.35131273104463,153198000,82.76656356811523,70.62958740234374,4.584005425972276,0.0068774963329036876
2020-07-16,93.9495620727539,94.80853755147119,93.34852206859607,93.98849671008664,110577600,83.2013232421875,70.82902610778808,4.4844836880492585,-0.012305201661943377
2020-07-17,93.75977325439453,94.55791486444917,93.2852651867788,94.40218371971898,92186800,83.61738708496094,71.02676761627197,4.264543281678308,-0.002020113922536426
2020-07-20,95.73565673828125,95.8743600058145,93.50183459957924,93.84737490055309,90318000,84.05787384033204,71.24118333816529,4.237390639479874,0.021073893582545633
2020-07-21,94.41435241699219,96.60437605553066,94.16371667540041,96.52894250206293,103433200,84.43684555053711,71.44674770355225,4.11502363514998,-0.01380159040326212
2020-07-22,94.67958068847656,95.36335409074172,94.02744214680403,94.11503952134649,89001600,84.79737243652343,71.64616752624512,4.105173257276456,0.002809194414774563
2020-07-23,90.37010192871094,94.48977758073065,89.55736078613936,94.41190829825081,197004400,85.08922943115235,71.82397964477539,4.0501182150356305,-0.045516453795302114
2020-07-24,90.14623260498047,90.4917729162458,86.76872848149942,88.56212064394785,185438800,85.39490768432617,72.00388273239136,3.7658091119685233,-0.002477249875263765
2020-07-27,92.28271484375,92.37518368443884,90.98817335217583,91.21203824708473,121214000,85.7341177368164,72.19129405975342,3.5127084771517407,0.023700183324705026
2020-07-28,90.76673889160156,92.02965297999799,90.76186742027873,91.852015075252,103625600,86.05191452026367,72.36743244171143,3.271480203682011,-0.01642751792375463
2020-07-29,92.50658416748047,92.6915218428662,91.21447102735182,91.25096993011928,90329200,86.36922409057617,72.5448837852478,3.1609916725417637,0.019168313163225204
2020-07-30,93.6259536743164,93.73058636306052,91.2680274432724,91.67683010582483,158130000,86.71777862548828,72.7283423423767,3.048345623199217,0.012100430654853112
2020-07-31,103.42750549316406,103.57837258120165,98.13737733924819,100.14247044684525,374336800,87.23272567749024,72.96147243499756,3.642182287333731,0.10468840566305948
2020-08-03,106.03364562988281,108.66167105374215,105.01650308916155,105.31580157029778,308151200,87.8113784790039,73.20877979278565,4.303857213816619,0.025197747197828413
2020-08-04,106.74176788330078,107.83677985490704,105.49831709401036,106.22346102857647,173071600,88.39426589965821,73.45852947235107,4.9460921025642755,0.006678278853956554
2020-08-05,107.12864685058594,107.44985207142959,105.9947004868368,106.46190875588427,121776800,88.99540298461915,73.7088497543335,5.529431596650308,0.003624438445764877
2020-08-06,110.86630249023438,111.36270996964782,106.87072984975072,107.46203450000841,202428800,89.6645768737793,73.97291009902955,6.2552822195110975,0.03488941333181783
2020-08-07,108.34567260742188,110.8443633796673,107.5460918578799,110.38606573552487,198045600,90.28265701293945,74.22503103256226,6.666956478014156,-0.02273576214048023
2020-08-10,109.92045593261719,110.94187256781626,107.26087294038835,109.79612844927841,212403600,90.93374099731446,74.48113971710205,6.985488769307647,0.014534805934532935
2020-08-11,106.65142822265625,109.68154587218592,106.3905875156011,109.18181072713648,187902400,91.50041595458984,74.72042047500611,7.103115052457925,-0.029739939506481794
2020-08-12,110.19590759277344,110.45430815645663,107.55095084699191,107.74596761374468,165598000,92.1307293701172,74.97380290985107,7.384925259961279,0.03323424195236635
2020-08-13,112.14611053466797,113.15290119524892,111.09056196029391,111.58055146808589,210082000,92.79138397216796,75.2339553642273,7.697632709117665,0.017697598617740562
2020-08-14,112.04617309570312,112.13636854966511,110.23004849886146,111.97060352944233,165565200,93.46366638183594,75.50055984497071,7.912196363503318,-0.0008911360232501941
2020-08-17,111.75362396240234,113.19677333095444,111.12468856587184,113.17239437524739,119561600,94.08542129516601,75.76573776245117,8.124292323450875,-0.0026109694353496637
2020-08-18,112.68486785888672,113.11147363228434,111.16858875529117,111.50499906976243,105633600,94.71626251220704,76.02893394470215,8.307507519431956,0.008333008482997117
2020-08-19,112.82624053955078,114.24501107161466,112.73117227554131,113.09439419603572,145538000,95.29868453979492,76.28431632995606,8.505550599820422,0.0012545844295712705
2020-08-20,115.32981872558594,115.44439313878651,112.85062660991147,112.86769262535736,126907200,95.88810806274414,76.55018898010253,8.784460506393364,0.02218968011397604
2020-08-21,121.27303314208984,121.7581423853081,116.28052490809851,116.29271066660041,338054800,96.67883804321289,76.846224193573,9.355218652037491,0.051532331206078696
2020-08-24,122.72349548339844,125.57810257788931,120.85130757212758,125.4927725055599,345937600,97.48446319580079,77.14937902450562,9.881450172934299,0.011960303982907261
2020-08-25,121.71670532226562,122.0628686712799,119.98834358364527,121.59238528346616,211495600,98.24956146240234,77.44391681671142,10.276868381989004,-0.008203727877592937
2020-08-26,123.37191772460938,123.83021527919956,121.96777329172241,123.03794762817631,163022400,99.00352554321289,77.74587114334106,10.69216535501447,0.013598892592116218
2020-08-27,121.89710235595703,124.31047038391692,120.74891816931488,123.97650023718222,155552400,99.73037796020508,78.0379577255249,10.889552426563416,-0.011954222612834964
2020-08-28,121.69963836669922,123.2939194462389,121.47536238371781,122.8746266915099,187630000,100.45259963989258,78.32934749603271,10.985136586571015,-0.0016199235703010517
2020-08-31,125.82674407958984,127.73794429666664,122.86245023954196,124.4031081470526,225702700,101.26714584350586,78.63833438873291,11.28053850822601,0.03391222659557158
2020-09-01,130.83876037597656,131.44333179825284,127.27965542096419,129.4541217539587,151948100,102.13740127563477,78.97459657669067,11.707390194802013,0.039832678919327735
2020-09-02,128.1279754638672,134.54412730802744,123.837546725689,134.16383937386541,200119000,102.9161622619629,79.2935280418396,11.856081149459296,-0.020718515708339824
2020-09-03,117.86993408203125,125.6317192300971,117.49939923565937,123.74978578666541,257599600,103.52124984741211,79.55954721450806,11.300742239074218,-0.08006090273961097
2020-09-04,117.94793701171875,120.61970534748437,108.1286934708545,117.08009977010788,332607200,104.10463455200195,79.8269369316101,10.620671825041645,0.000661771216680318
2020-09-08,110.01063537597656,116.02699258808728,109.87412215270822,111.11249423218894,231366600,104.58382919311524,80.05839279174805,9.940754017750836,-0.06729495942734098
2020-09-09,114.3985824584961,116.17326184567966,112.38988145965452,114.34007891543482,176940500,105.11111892700195,80.31321676254272,9.02217362821464,0.03988657158031228
2020-09-10,110.66397094726562,117.4994162494611,109.69862512916494,117.36290300000906,182274400,105.54901931762696,80.54964614868165,8.117556949840147,-0.03264561003267141
2020-09-11,109.21106719970703,112.3606396431834,107.26086957114084,111.71707085483806,180860300,105.96121994018554,80.773254737854,7.197405270772049,-0.013128968128668927
2020-09-14,112.4874038696289,113.04320991624836,109.99115319560664,111.86334120112333,140150100,106.43894729614257,81.01576290130615,6.887647469614271,0.030000042614093836
2020-09-15,112.66291809082031,115.87099408811736,110.78097707840637,115.38344468012839,184642000,106.87278274536133,81.25485122680664,6.690558164152112,0.0015603011106455345
2020-09-16,109.33781433105469,113.11144897058965,109.25005901915075,112.36062624645403,154679000,107.24576156616212,81.47802837371826,6.591949159547748,-0.029513737227054415
2020-09-17,107.59239196777344,109.40607622888594,106.00298369138476,106.9878355070113,178011000,107.54158889770508,81.69621881484986,6.57240185685551,-0.01596357466956888
2020-09-18,104.17955017089844,108.11895013810333,103.4482260852904,107.65090688938564,287104900,107.76117813110352,81.90304655075073,6.839894309866599,-0.031720103387024134
2020-09-21,107.33888244628906,107.44614391419555,100.5326892473239,101.93683396216227,195713800,108.04069305419922,82.12289886474609,6.877009311502188,0.0303258390942176
2020-09-22,109.0257797241211,110.0496363016209,106.44177420460605,109.874118243747,183055400,108.36256011962891,82.34653728485108,6.902397133700905,0.015715621770853838
2020-09-23,104.45258331298828,109.31832411053182,104.11129279067556,108.84052779447258,150718700,108.5622055053711,82.54109977722167,7.006401166195652,-0.041946009675003726
2020-09-24,105.52517700195312,107.50462606943356,102.38535816136529,102.55112314626282,167743300,108.77030838012695,82.74561305999755,7.168118462419875,0.010268713850291933
2020-09-25,109.48409271240234,109.64011209223098,104.98888662302512,105.72996379838419,149981400,109.08099899291992,82.96803256988525,7.219661358937051,0.03751631433298552
2020-09-28,112.09733581542969,112.44837191175642,109.97162053852311,112.14609372191308,137672400,109.44775024414062,83.20074619293213,7.218991949235315,0.02386870127235685
2020-09-29,111.2490234375,112.43864521637902,110.741975312434,111.69757545200666,99382200,109.758017578125,83.42838302612304,7.226946733324234,-0.007567640852111368
2020-09-30,112.92617797851562,114.34007555606303,110.79071688597794,110.95648187938991,142675200,110.12825408935547,83.65993877410888,7.224651019821377,0.015075678771758971
2020-10-01,113.88179779052734,114.78864003617267,112.94570376912151,114.71063034120202,116120400,110.51229843139649,83.89057098388672,7.217258039456351,0.008462340877183783
2020-10-02,110.20565795898438,112.49714598356358,109.42558341904119,110.07889779908955,144712000,110.90900955200195,84.10215663909912,7.2656961714659,-0.032280310838654014
2020-10-05,113.5989990234375,113.74526531692963,110.72246082221426,111.07349695083026,106243800,111.3780648803711,84.33152015686035,7.159428355168358,0.03079098775233513
2020-10-06,110.34217834472656,113.22846975785129,109.45483490950848,112.81892262806667,161498200,111.73925415039062,84.54426067352296,7.019257736786727,-0.02866944873377797
2020-10-07,112.21436309814453,112.67266068936267,111.2880148454192,111.76581857721544,96849000,112.16820663452148,84.7670641708374,6.871833392527349,0.016967081686288354
2020-10-08,112.10710906982422,113.5015006370164,111.73656676842208,113.35523433064257,83477200,112.56021713256835,84.98381134033202,6.627532551449199,-0.0009557959013366535
2020-10-09,114.05729675292969,114.08654852378359,112.05834143123505,112.4093775603074,100506900,112.96884399414063,85.20998260498047,6.428710870321068,0.01739575392931436
2020-10-12,121.30229187011719,122.06286774169322,116.30978334982996,117.07035922140598,240226800,113.32633972167969,85.4655514907837,6.410649902866909,0.0635206630653502
2020-10-13,118.08443450927734,122.26760823790941,116.67054456847815,122.15059373214353,262330500,113.56735549926758,85.70516437530517,6.021863404756632,-0.026527589143042096
2020-10-14,118.17222595214844,119.96640417322294,116.64132113373098,117.98695479953686,150712000,113.79596466064453,85.9431340789795,5.082360837071424,0.0007434632958689402
2020-10-15,117.70417785644531,118.1819741959685,115.20792725389234,115.7637332845987,112559200,114.00747528076172,86.17618522644042,4.2557095384974515,-0.003960728436245731
2020-10-16,116.05624389648438,118.52324985437662,115.85147406239771,118.25996903954183,115393800,114.11127410888672,86.39288608551026,4.181750668938571,-0.014000641183448903
2020-10-19,113.09196472167969,117.42139843534454,112.77993339601544,116.97285386966553,120639300,114.20619995117187,86.5983003616333,4.0326600007121405,-0.02554174661596542
2020-10-20,114.58385467529297,116.01725100908146,112.75066428839048,113.3064702709398,124423700,114.29946792602539,86.80830516815186,4.0497889155961975,0.01319182982880207
2020-10-21,113.95979309082031,115.75397121203213,113.55024596366279,113.76476887802791,89946000,114.44563522338868,87.01689640045166,4.041366359874604,-0.0054463308660815946
2020-10-22,112.86768341064453,115.10066050216787,111.7365652586778,114.52534835538113,101988000,114.49907073974609,87.2142166519165,4.037777392627395,-0.00958328942652098
2020-10-23,112.17536926269531,113.64777056546903,111.43429207568546,113.49175118318755,82572600,114.49965591430664,87.40027938842773,4.003467970256328,-0.006133856273370819
2020-10-26,112.18511962890625,113.64776782516624,110.0691495843626,111.17101598676972,111850700,114.50243484497071,87.58554374694825,4.002819227196223,8.692074093463731e-05
2020-10-27,113.69651794433594,114.35958542213467,111.68781680839272,112.61415768734956,92276800,114.54129272460938,87.77033924102783,4.012427784118026,0.013472359974559867
2020-10-28,108.43097686767578,112.5556478095225,108.33346848159846,112.18511296666344,143937800,114.45621490478516,87.93398807525635,4.037421307169846,-0.0463122457209999
2020-10-29,112.4483871459961,114.01829672297495,109.40607637880336,109.57184881965813,146129200,114.44865783691407,88.11934600830078,3.9473789295115864,0.03705039274176203
2020-10-30,106.14925384521484,109.20131035012999,105.03764183054732,108.29446818664717,190272600,114.26504653930664,88.26848728179931,3.8229662027761386,-0.05601799599493451
2020-11-02,106.06149291992188,107.92393519387548,104.64760263945637,106.39303037953306,122866900,113.96081573486327,88.41296504974365,3.886866742716816,-0.0008267691209675743
2020-11-03,107.68990325927734,108.71375243491438,106.02248536802898,106.92932746040049,107624400,113.66014389038087,88.56819957733154,3.932711716060487,0.015353454816867007
2020-11-04,112.08759307861328,112.71165565418494,109.5523379354268,111.29776550877692,138235500,113.46756164550781,88.74405460357666,3.6490883315080014,0.0408366029334053
2020-11-05,116.0660171508789,116.64132935190631,113.95980746298537,115.01290858722514,126387100,113.3214436340332,88.9379496383667,3.4587230644074145,0.03549388440766443
2020-11-06,115.93413543701172,116.43228836490333,113.43357109225822,115.5727237961662,114457900,113.20218429565429,89.13229900360108,3.443838732628654,-0.0011362646630300732
2020-11-09,113.61917114257812,119.1575178931427,113.35544353875275,117.70211621905518,154515300,113.04057495117188,89.32640399932862,3.4405657450216247,-0.01996792649298129
2020-11-10,113.27729034423828,114.85967074705178,111.48000948330214,112.86704412515682,138023400,112.78958587646484,89.50821968078613,3.422855951273884,-0.003009006269820702
2020-11-11,116.715576171875,116.85232493510753,113.73639817031066,114.4689840243058,112295000,112.50712219238281,89.69917682647706,3.4830936766944025,0.030352825506225534
2020-11-12,116.44206237792969,117.7314130027431,115.81692313270185,116.84254616591035,103162300,112.27340393066406,89.88933532714844,3.5290990579041055,-0.0023434215287815308
2020-11-13,116.49089050292969,116.89136679085615,115.13316566812956,116.66671136042702,81581900,112.24582305908203,90.09712112426757,3.520856974323186,0.0004193340791365241
2020-11-16,117.50677490234375,118.18074882588525,115.40669394696378,116.15881215076331,91183000,112.23699981689452,90.3110152053833,3.592863762392076,0.008720719663384502
2020-11-17,116.6178970336914,117.86817567185544,116.19788085503488,116.77418558958617,74271000,112.36914505004883,90.50812965393067,3.572211452034642,-0.0075644818725648655
2020-11-18,115.28947448730469,117.03791358767974,115.26017224604259,115.85600932586726,76322100,112.386962890625,90.69545467376709,3.5655006104985625,-0.011391240797310354
2020-11-19,115.88532257080078,116.29556889192155,114.09781116159698,114.85969931574961,74113000,112.49138992309571,90.88120735168457,3.561998836676172,0.0051682782504287594
2020-11-20,114.615478515625,116.0122756382638,114.56664393716416,115.88529679156849,73604300,112.59947814941407,91.06596195220948,3.5629287385105504,-0.01095776433982798
2020-11-23,111.20653533935547,114.88900454422108,111.10885871225602,114.45921844228478,127959300,112.5738607788086,91.23182739257813,3.3359416909050705,-0.029742432875720204
2020-11-24,112.49586486816406,113.1600762396807,109.97576812456435,111.26512618596215,113874200,112.57051971435547,91.40649349212646,3.2453902480460286,0.011594008615357865
2020-11-25,113.33590698242188,114.0391905490455,112.49587466142678,112.86705623950492,76499200,112.65048156738281,91.57615009307861,3.1311563916381195,0.00746731548970514
2020-11-27,113.8829116821289,114.76201621514912,113.52150742295586,113.86337933795016,46691300,112.77629196166993,91.75136905670166,3.0298801511024984,0.004826402455065493
2020-11-30,116.28578186035156,118.16119960518925,114.09778703912657,114.25407557732021,169410200,113.01841659545899,91.93850517272949,3.037198961991401,0.021099479656171427
2020-12-01,119.87057495117188,120.60316075885692,117.22349912700635,118.20028020391975,127728200,113.26905044555664,92.15078510284424,3.2598049798009927,0.03082744109787483
2020-12-02,120.22221374511719,120.505481144647,118.0830608551581,119.18682076181041,89004200,113.49297912597656,92.35921726226806,3.4742256726774734,0.002933487172215088
2020-12-03,120.08547973632812,120.9059723441791,119.37242620138713,120.65200715268998,78967600,113.80563705444337,92.5709941482544,3.659975966640549,-0.0011373439610665725
2020-12-04,119.41148376464844,120.0073208033349,118.69843031675794,119.75335564285018,78260400,114.08336318969727,92.78819831848145,3.7838131183979855,-0.0056126350426344285
2020-12-07,120.87664794921875,121.67760806582265,119.41147645892518,119.4700809338177,86712000,114.3112142944336,93.03077136993409,3.9525177721109226,0.012269876718541184
2020-12-08,121.49203491210938,122.07810955502222,120.23198635344457,121.4822724663765,82225500,114.49910827636718,93.28867660522461,4.126302741203545,0.005091032662894124
2020-12-09,118.952392578125,123.02556768253118,118.19050456748764,121.63854040920427,115089200,114.65317565917968,93.52833847045899,4.188664040810407,-0.020903776414821107
2020-12-10,120.37847900390625,120.99385575555011,117.36022952540422,117.70210135840246,81312200,114.8022216796875,93.7983430480957,4.111639505969674,0.011988715778412207
2020-12-11,119.56776428222656,119.90963613747431,117.75095104891274,119.58729662299177,86939800,114.91594100952149,94.06448818206788,4.1419577680294015,-0.006734714779486284
2020-12-14,118.952392578125,120.48593849632398,118.71796721767839,119.75335272421145,79184500,115.0908757019043,94.29667552947998,3.7762377356860672,-0.005146635531706023
2020-12-15,124.9107437133789,124.9302835054043,121.2478151945667,121.45293829735053,157243700,115.31711059570313,94.57016979217529,3.62305988797939,0.05009021681796444
2020-12-16,124.8423843383789,125.3893793448256,123.62140801881179,124.45167787791586,98208600,115.60711471557617,94.82703853607178,3.508290873580096,-0.0005472657752871868
2020-12-17,125.71170806884766,126.571280093327,125.06702905048816,125.9070612822762,94359800,115.87706161499024,95.1001693725586,3.694655252074842,0.006963370133275415
2020-12-18,123.71907043457031,126.10241817798403,123.19160786255676,125.96566945030425,192541500,116.10930084228515,95.36805717468262,3.839453757408107,-0.015850851642124297
2020-12-21,125.25263214111328,125.33077641507083,120.58361982974765,122.11716580798591,121251600,116.33320755004883,95.67135093688965,4.042073232471937,0.012395515914856547
2020-12-22,128.8179168701172,131.28917225657673,126.63968393699342,128.55418175761582,168904800,116.48352005004882,95.96921031951905,4.378356410372525,0.0284647489482468
2020-12-23,127.91925811767578,129.35511260798816,127.74342977111927,129.0913924448983,88223700,116.6802165222168,96.27460121154785,4.557341773363067,-0.006976193795677488
2020-12-24,128.90579223632812,130.36120131987872,128.0559975194573,128.27089053594116,54930100,116.89488784790039,96.61792915344239,4.856432128669445,0.007712162602950823
2020-12-28,133.5161895751953,134.15109122678413,130.41001842398242,130.87888400818076,124486200,117.2111280822754,96.94822265625,5.432090576830104,0.03576563363743013
2020-12-29,131.7384490966797,135.56742883965345,131.22075635748268,134.84462043635702,121047300,117.5247721862793,97.31301843643189,5.772451063666956,-0.013314793390762691
2020-12-30,130.6151885986328,132.8324861865817,130.30261144768895,132.43200230112197,96452100,117.87523666381836,97.65927532196045,6.0103220969346145,-0.008526443917846183
2020-12-31,129.60906982421875,131.61147380180907,128.66159108708325,130.9667947818931,99116600,118.17574096679688,98.00801250457764,6.137022957062119,-0.0077029232603702535
2021-01-04,126.40521240234375,130.50768895985888,123.81674167932394,130.419782261114,143301900,118.42464935302735,98.3430237197876,6.07739328015217,-0.024719392139918916
2021-01-05,127.96807861328125,128.68113950331986,125.4479817429498,125.89730757907694,97664900,118.72665725708008,98.70470541000367,6.059722799926358,0.012363938015174103
2021-01-06,123.66047668457031,128.00715673158123,123.44558366599814,124.75447411900687,155088000,118.95635940551757,99.05075832366943,5.88221474607924,-0.03366153477796974
2021-01-07,127.88015747070312,128.573678488458,124.89121021187437,125.37960067650636,109578200,119.27026016235351,99.39059610366822,5.5376934172887715,0.03412311596449902
2021-01-08,128.98394775390625,129.5504825827211,127.20619899060827,129.3551144383391,105158200,119.57600875854492,99.73760303497315,5.24476614598448,0.008631442946541501
2021-01-11,125.98521423339844,127.1475860544949,125.51636350795053,126.1903448095608,100384500,119.92709350585938,100.05393926620484,4.870239230284706,-0.023248889282170393
2021-01-12,125.80941009521484,126.678744687946,123.91445235489151,125.51637278097465,91951100,120.19431396484374,100.38237979888916,4.468010912339741,-0.0013954346885334257
2021-01-13,127.85083770751953,128.39783256819823,125.50656976047019,125.77028984398105,88636800,120.62834564208984,100.71244878768921,4.216744193749704,0.016226350721775917
2021-01-14,125.91686248779297,127.95833152822492,125.7703363715888,127.76297827778365,90221800,121.02545303344726,101.03347887039185,4.106319178830191,-0.015126809134804908
2021-01-15,124.18794250488281,127.19642993721087,124.05119375361772,125.78986283591505,111598500,121.35541381835938,101.36209955215455,4.003131398336553,-0.013730646942364588
2021-01-19,124.8619384765625,125.7215106737219,123.99260383334368,124.81309643726976,90757300,121.61090072631836,101.68921232223511,3.8804238084070612,0.005427225526771107
2021-01-20,128.96441650390625,129.41374239946222,125.56522221027927,125.67266873501019,104319500,121.8688687133789,102.04110864639283,3.7543282823169815,0.03285611353946605
2021-01-21,133.69200134277344,136.42699093223655,130.48816107938626,130.69329163300603,120150900,122.22402603149413,102.39108880996704,3.9000816669579885,0.036658056284261775
2021-01-22,135.84095764160156,136.60284572356557,131.88499112094416,133.11572996769436,114459400,122.6684617614746,102.75550254821778,4.168878712589927,0.01607393319902828
2021-01-25,139.6015167236328,141.72112937094178,133.36965015663242,139.7480427932305,157611700,123.1949462890625,103.13066200256348,4.532046388039346,0.027683543662530674
2021-01-26,139.8359832763672,140.94951311366867,138.08753679306704,140.26576933716714,98390600,123.65735443115234,103.50466415405273,4.871770800580196,0.0016795415854868878
2021-01-27,138.761474609375,140.9494689125309,137.1497922912882,140.0996595026288,140843800,124.10374267578125,103.86691131591797,4.9784629204879804,-0.007684064157281734
2021-01-28,133.90692138671875,138.69315786113063,133.5259773426194,136.28050728033566,142621100,124.45206329345703,104.18814086914062,4.711289446765597,-0.034984877728650665
2021-01-29,128.89605712890625,133.56507019639048,127.18668998356583,132.67619570373378,177523800,124.67984893798828,104.48749523162842,4.642174164096601,-0.037420502285623436
2021-02-01,131.02537536621094,132.2365889187475,127.88990245338668,130.64443145198857,106239800,124.96799850463867,104.79475391387939,4.573179215350943,0.016519653779441867
2021-02-02,131.85569763183594,133.14504104670476,131.48451601180642,132.57850617042217,83305400,125.29932296752929,105.11088428497314,4.533784510615939,0.006337110375026933
2021-02-03,130.83001708984375,132.61752766523043,130.50767765121748,132.60775031877742,89880900,125.59821685791016,105.42900886535645,4.392211989785837,-0.007778810930537561
2021-02-04,134.19992065429688,134.209683097199,131.46493128791656,133.13523310274124,84183100,125.9899057006836,105.77436958312988,4.36454148354716,0.025757877583543642
2021-02-05,133.78416442871094,134.42980673641648,132.90375395585087,134.36133766383486,75693800,126.4414582824707,106.1082720565796,4.401665999770416,-0.003098036299566398
2021-02-08,133.930908203125,133.97982321266207,131.9842042669653,133.07005180092128,71297200,126.87015914916992,106.44420650482178,4.420054674197689,0.0010968695363962055
2021-02-09,133.05052185058594,134.87984224201634,132.89401467161727,133.64724931778963,76774200,127.2644514465332,106.76610473632813,4.428940156389494,-0.00657343673951527
2021-02-10,132.4439697265625,134.00916036761174,131.47550633815231,133.51024820081062,73046600,127.63567260742188,107.08472747802735,4.4103199969147155,-0.004558810559980975
2021-02-11,132.1896514892578,133.42222921972905,130.85924373219854,132.94288597227373,64280000,127.95375,107.40764812469483,4.4146221864296775,-0.0019201949158557108
2021-02-12,132.42440795898438,132.58093001697634,130.78097113036387,131.42661342450694,60145100,128.20482666015624,107.72063999176025,4.425041777147332,0.0017759065636513416
2021-02-16,130.29183959960938,133.0504697304465,129.90053448855053,132.5417954762156,80576300,128.4062191772461,108.01560379028321,4.4203960947456755,-0.01610404299512158
2021-02-17,127.99301147460938,129.3429884368885,126.65282647260507,128.39409374989066,97918500,128.5643698120117,108.30481266021728,4.374804372736265,-0.0176436846088317
2021-02-18,126.8875961303711,127.17127933958186,124.63763974131737,126.38868386598486,96856700,128.71389205932618,108.5835317993164,4.40401731026374,-0.008636528912811525
2021-02-19,127.04410552978516,127.86583900131197,125.9973958201727,127.4060647121988,87668800,128.8372412109375,108.85769443511963,4.25428748047934,0.0012334491643553047
2021-02-22,123.25831604003906,126.89737227917206,122.86701830596542,125.22457427942261,103916400,128.87256683349608,109.10920310974122,4.449050397304579,-0.029799017230740632
2021-02-23,123.12136840820312,123.95287146533934,115.81390958217581,121.0670645425184,158273000,128.95594635009766,109.35625335693359,4.6559724706386945,-0.0011110620056780096
2021-02-24,122.62245178222656,122.82788140267746,119.57034603451814,122.22137703659854,111039900,129.00082580566405,109.59203678131104,4.80922812279989,-0.004052234250048525
2021-02-25,118.35734558105469,123.70832364732854,117.91714023140678,121.96705631635206,148199500,128.97661743164062,109.80055732727051,5.23371846421715,-0.03478242474507498
2021-02-26,118.6214599609375,122.13334021289873,118.56276044849312,119.92251431654658,164560400,128.96999877929687,110.01477836608886,5.635688439283252,0.0022314996892349725
2021-03-01,125.00936126708984,125.1463143475527,120.11815849803577,121.05726853408818,116307900,128.9719711303711,110.26551357269287,5.660445466370573,0.05385114386769385
2021-03-02,122.39747619628906,125.91914114090521,122.28986912474551,125.61588891931011,102260900,128.9230729675293,110.50088989257813,5.731914944983936,-0.020893515848147803
2021-03-03,119.40404510498047,122.97462478338886,119.18883097909638,122.09420675176463,112966300,128.79691970825195,110.72352561950683,5.977278064036248,-0.024456640645988625
2021-03-04,117.51604461669922,120.9105408091192,116.0389066337359,119.10079712980304,178155000,128.67285919189453,110.92790031433105,6.376325606150551,-0.015811863715515795
2021-03-05,118.77798461914062,119.28667396527544,115.01175939727409,118.3475637840084,153766600,128.5433662414551,111.1407991027832,6.599039472353935,0.010738448579999949
2021-03-08,113.82807922363281,118.36711510668628,113.68134163784862,118.29863856177148,154376600,128.2435694885254,111.32153873443603,7.000313447543102,-0.041673593060023606
2021-03-09,118.45515441894531,119.40404902510528,116.2052054457975,116.43998110747732,129525800,128.05428741455077,111.52830947875977,6.861593884308615,0.0406496817557811
2021-03-10,117.36931610107422,119.51165804272296,116.85084228896541,119.04210671169741,111943300,127.82355789184571,111.72716907501221,6.676212169276597,-0.009166661621416328
2021-03-11,119.30622100830078,120.52902174116306,118.62145558325126,119.87360233956089,103026500,127.53935852050782,111.93834121704101,6.393943278054589,0.016502651387680922
2021-03-12,118.39646911621094,118.5334222152771,116.56716380866244,117.78018017041316,88105100,127.27251892089843,112.14328552246094,6.356169578736559,-0.007625351674046765
2021-03-15,121.29206848144531,121.30185297869129,117.79974930309419,118.768213019061,92403800,127.08605651855468,112.36253753662109,6.365327120514872,0.024456805062254228
2021-03-16,122.83766174316406,124.45176009312186,122.0061587942109,122.9648303238896,115227900,126.95062835693359,112.58989456176758,6.281453312931628,0.01274273974439799
2021-03-17,122.0453109741211,123.12137424397079,119.67796282439072,121.35076097755098,111932600,126.86343032836913,112.80853271484375,6.161972437629712,-0.006450389545021307
2021-03-18,117.90735626220703,120.49969573928057,117.70192660055912,120.20622052927806,121229700,126.66221588134766,113.00466831207275,6.162368518938488,-0.033905069181981884
2021-03-19,117.37910461425781,118.78777367187806,117.07585237233634,117.29106652984883,185549500,126.53658843994141,113.1959969329834,5.979785378999095,-0.004480226380230823
2021-03-22,120.70511627197266,121.17467507978692,117.64322564652812,117.71170219523187,111912300,126.39308761596679,113.40736225128174,5.68084609892711,0.028335636642016437
2021-03-23,119.87361145019531,121.53661758792646,119.4823136932633,120.64642246770546,95467100,126.21088088989258,113.60340091705322,5.33094105994458,-0.006888728891191298
2021-03-24,117.47692108154297,120.22578250026773,117.45735955159839,120.14752145372104,88530500,126.04071502685547,113.78507148742676,5.037825038688269,-0.019993477627460288
2021-03-25,117.96601867675781,119.01274317983665,116.41061985937974,116.93887062661646,98844700,125.88384719848632,113.95637588500976,4.702423899582759,0.0041633504752423
2021-03-26,118.57256317138672,118.83669235952908,116.33239090614592,117.73127550973699,94071200,125.69828170776367,114.11994548797607,4.293602441858516,0.005141688271186995
2021-03-29,118.74862670898438,119.91273541981596,118.10299178920243,119.00297135659957,80819200,125.5549169921875,114.30500595092774,3.7574782512080462,0.0014848590001648176
2021-03-30,117.29106140136719,117.78018175127832,116.27369017794591,117.49649105272375,85671900,125.41697937011719,114.47925006866456,3.3505428023540915,-0.012274376117116903
2021-03-31,119.49210357666016,120.83228856558793,118.51386287192022,119.00298322429019,118323800,125.30958267211913,114.65940162658691,3.025452463172125,0.01876564291426308
2021-04-01,120.3235855102539,121.47790963726158,119.82468074887879,120.96922784419617,75089100,125.13676605224609,114.83265098571778,2.7388323216035433,0.006958467620082676
2021-04-05,123.16050720214844,123.41485187715786,120.39208419443258,121.17467974982267,88651200,124.92613616943359,115.02068111419678,2.4649934238816322,0.023577436459061962
2021-04-06,123.46375274658203,124.36373236215869,122.9159403655152,123.74744343345849,80171300,124.6785920715332,115.21005710601807,2.4754336278497413,0.002462197918167597
2021-04-07,125.11698150634766,125.13654303559613,122.417035203639,123.09202364516216,83466700,124.3889013671875,115.41014484405518,2.5938588786668957,0.013390397772526708
2021-04-08,127.52342987060547,127.55277589093346,125.72347096558431,126.14410720812901,88844600,124.14265029907227,115.61113204956055,2.913068167036049,0.01923358712211032
2021-04-09,130.1060028076172,130.14512586474413,126.65281460393234,126.97563580060692,106686700,123.96954086303711,115.81571243286133,3.4341588510419325,0.020251752478992913
2021-04-12,128.38430786132812,129.9592758997672,127.78758046970171,129.6364546951069,91420000,123.8590885925293,116.01955619812011,3.7161530847242212,-0.013233016994879665
2021-04-13,131.5048828125,131.7298889082425,129.05928119869824,129.5581934810451,91266500,123.91126510620117,116.23318710327149,4.142425119930034,0.024306513803404206
2021-04-14,129.1571044921875,132.06248025187,128.79516024880334,132.0037882044852,87222800,123.8738996887207,116.44871810913087,4.40303810723068,-0.017853164613362393
2021-04-15,131.57334899902344,132.06246925552537,130.73206156076947,130.90815261502829,89347100,123.86825271606445,116.66641437530518,4.784257773322386,0.018707794018269386
2021-04-16,131.2407989501953,131.73969642120264,130.37994220639808,131.37775207518385,84922400,123.87646835327149,116.87877361297608,5.037832637246939,-0.002527487909657067
2021-04-19,131.90597534179688,132.5222717730815,130.4386142591335,130.60491339062307,94264200,123.83058944702148,117.09529830932617,5.313123818733571,0.005068365911533368
2021-04-20,130.21359252929688,132.58093272949054,128.94187690393258,132.08203545204475,94812300,123.7591780090332,117.30336109161377,5.24185229892433,-0.012830220982140261
2021-04-21,130.59510803222656,130.83966815962773,128.44298189644934,129.47991444834784,68847100,123.69246200561524,117.50148090362549,5.349608473740755,0.00292992072117082
2021-04-22,129.06910705566406,131.2310110910551,128.5506405715148,130.1451630922805,84566500,123.6128337097168,117.69338207244873,5.323899398122511,-0.011684978094171239
2021-04-23,131.3972625732422,132.1798429808979,129.28425964833707,129.28425964833707,78657500,123.5918995666504,117.88636325836181,5.432119804347742,0.018038053959527733
2021-04-26,131.78855895996094,132.121157141495,130.65379641815227,131.89616601007668,66905100,123.58387771606445,118.07930561065673,5.49231391165912,0.0029779645257117515
2021-04-27,131.46578979492188,132.46359966085154,131.1918835457288,132.0722943571678,66015800,123.5647053527832,118.26981887817382,5.59393300193332,-0.0024491440500318262
2021-04-28,130.6733856201172,132.0820545207044,130.18426530334483,131.38749710310995,107760100,123.57233627319336,118.45852367401123,5.674598818386254,-0.00602745532537996
2021-04-29,130.57553100585938,134.0874255635315,129.56794453712286,133.50047532318814,151101000,123.62398666381836,118.63904975891113,5.724360814010689,-0.000748848847785144
2021-04-30,128.59951782226562,130.65381415781053,128.21800457946676,128.91254705716273,109839500,123.65822509765626,118.80644718170166,5.566765109523001,-0.015133104712437118
2021-05-03,129.65597534179688,131.15269687826483,128.96143302056885,129.16685514446183,75135100,123.71046249389649,118.98497924804687,5.37077219964244,0.00821509705029655
2021-05-04,125.06806182861328,128.6288645532719,123.94308362244821,128.33538938179106,137564700,123.74665740966798,119.14152069091797,5.273526274270541,-0.03538528402635521
2021-05-05,125.31265258789062,127.61150951434523,125.185476507185,126.38870851300659,84000900,123.79048309326171,119.28940567016602,5.133059734767135,0.001955661227184491
2021-05-06,126.91697692871094,126.92675396385664,124.36376017580233,125.10722533308426,78128300,123.8763735961914,119.45191879272461,4.836512045009136,0.012802572666755108
2021-05-07,127.59310150146484,128.62198708733197,126.87776196476985,128.22023845618241,78973300,124.0610887145996,119.61648639678955,4.533502970283473,0.005327298121303947
2021-05-10,124.30060577392578,126.936537888107,124.2614087846363,126.80916075602343,88071200,124.17467163085938,119.78613891601563,4.269862229756769,-0.025804653141857092
2021-05-11,123.37950134277344,123.73225929039904,120.30260126371391,121.01793322731803,126142800,124.14207443237305,119.95230525970459,4.0225917538657905,-0.007410297201830396
2021-05-12,120.30259704589844,122.13501696157893,119.79305116069399,120.91994025373684,112172300,124.10017684936524,120.09240467071533,3.788197745228393,-0.02493853730472395
2021-05-13,122.45838165283203,123.6146665716941,121.76265197362714,122.07622038504428,105861300,124.16126358032227,120.25086288452148,3.6017234577774,0.017919684694014615
2021-05-14,124.88854217529297,125.31970156938155,123.32070002778138,123.71266243367454,81918000,124.30871353149413,120.41277267456054,3.3653523468914828,0.01984478718125171
2021-05-17,123.73225402832031,124.37899310292869,122.65436304670058,124.27120325716062,74244600,124.40779891967773,120.56330417633056,3.3390262755190405,-0.009258560688054973
2021-05-18,122.34080505371094,124.43779545294035,122.27221218928985,124.01643714976464,63342900,124.57805343627929,120.6578706741333,3.396642472701915,-0.011245644763659524
2021-05-19,122.18402862548828,122.40940198347324,120.39080549827442,120.68477919902028,92612000,124.65263092041016,120.73862258911133,3.519342423534877,-0.0012814729162018423
2021-05-20,124.75135803222656,125.15312155926449,122.585774870456,122.71316695271737,76857100,124.80027175903321,120.82867053985596,3.5628920374183064,0.021011988519444857
2021-05-21,122.90913391113281,125.42748227973826,122.69355422979483,125.25109958373996,79295400,124.87233001708984,120.90757297515869,3.6371344782127846,-0.01476716686817836
2021-05-24,124.54556274414062,125.36868444413138,123.40888012879931,123.47747298079354,63092900,124.99531188964843,120.97596927642822,3.671030343478551,0.013314135255326098
2021-05-25,124.34959411621094,125.74106096052154,123.78124903022919,125.25110237090293,72009500,125.05646240234375,121.05598888397216,3.623006866017394,-0.0015734693682526446
2021-05-26,124.30060577392578,124.82975391524182,123.87924748414049,124.40839562545654,56575900,125.08572128295899,121.12788963317871,3.6363104892251568,-0.0003939565917632226
2021-05-27,122.76215362548828,125.07472355131192,122.56617616440937,123.89884383271658,94625600,125.10005813598633,121.20844326019287,3.6045587973449194,-0.012376867665758517
2021-05-28,122.10563659667969,123.27172282529529,122.04684484601398,123.0463419876403,71311100,125.18402374267578,121.2679919052124,3.5885376671712446,-0.005347878066813916
2021-06-01,121.7822494506836,122.83074455067667,121.44908627688243,122.56617423477933,67637100,125.2720866394043,121.31617259979248,3.5222816730611566,-0.0026484211131403423
2021-06-02,122.54657745361328,122.72296016407643,121.5568815278501,121.78225486696007,59278900,125.30891586303711,121.36867462158203,3.4839974928225748,0.006276185621281405
2021-06-03,121.05712127685547,122.34079079399837,120.65535777774502,122.17420921068651,76229200,125.33258605957032,121.4151921081543,3.4612611247608482,-0.012154204611072084
2021-06-04,123.35990905761719,123.6244868847475,121.36090732088668,121.57648703897455,75169300,125.45024581909179,121.46856731414795,3.41069288459541,0.019022323977911926
2021-06-07,123.36969757080078,123.78125473088885,122.32120243854156,123.63426789483995,71057600,125.55831939697265,121.5212845993042,3.220293201848426,7.934922503083364e-05
2021-06-08,124.19280242919922,125.87824288128334,123.67345546064644,124.05561671962153,74403800,125.67072418212891,121.56559951782226,2.953164556427837,0.006671856011692512
2021-06-09,124.57498168945312,125.18252383113118,123.97724066446416,124.65337567084285,56877900,125.78725128173828,121.58210926055908,2.663881961091856,0.003077306033671068
2021-06-10,123.57546997070312,125.61366838929395,123.40888838700712,124.4671771062987,71186400,125.912939453125,121.5863691329956,2.397283843025232,-0.00802337439825307
2021-06-11,124.79055786132812,124.87875295690584,123.56567997208057,123.98703826502418,53522400,126.01890853881837,121.60173839569092,2.0829615252822653,0.009832759615747921
2021-06-14,127.85765838623047,127.91645013670467,124.5161951571875,125.25112194236237,96906500,126.16958999633789,121.62416709899902,2.0309259497768166,0.02457798552604129
2021-06-15,127.03453063964844,127.97524340485357,126.78955507030692,127.32850431328268,62746300,126.24707046508789,121.64985424041748,1.826745437269203,-0.0064378446858109895
2021-06-16,127.53427124023438,128.25940428449337,125.87824900552074,127.74985093036214,91815000,126.32848083496094,121.67902740478516,1.9315257626029891,0.003933895753143846
2021-06-17,129.14132690429688,129.88606227566868,127.04433642829339,127.19133075522794,96721700,126.40896774291993,121.69560031890869,2.1351568425110137,0.012600971083571055
2021-06-18,127.83806610107422,128.86695159835352,127.62248638968997,128.08304168654513,108953300,126.4152604675293,121.68059684753418,2.1823497618319667,-0.010091740842871011
2021-06-21,129.64108276367188,129.74887261931582,126.61318811711466,127.68127808078076,79663300,126.40596206665039,121.6881623840332,2.320296500986059,0.01410391065500094
2021-06-22,131.28729248046875,131.38528868125076,128.97472269195052,129.47448238296937,74783600,126.4640217590332,121.75524917602539,2.652087206765179,0.012698210179236336
2021-06-23,131.01292419433594,131.62047373989773,130.5523689534629,131.0815245269483,60214200,126.45418258666992,121.82057411193847,2.89708847934743,-0.002089831246795071
2021-06-24,130.72874450683594,131.93401991944447,130.25838072698704,131.74783612560256,68711000,126.48561538696289,121.92416465759277,2.9707346798812,-0.002169096592932074
2021-06-25,130.43479919433594,131.19912181234292,130.14082550615106,130.7777709892388,70783700,126.46284439086914,122.00434574127198,3.0820849570803626,-0.002248513237152916
2021-06-28,132.07122802734375,132.53178329485237,130.66997494475694,130.72876668918406,62111300,126.4794529724121,122.11138202667236,3.3148481114136295,0.01254595279109294
2021-06-29,133.590087890625,133.74687585363333,131.64988544279703,132.09083850565023,64556100,126.51313522338867,122.23327713012695,3.600265291869208,0.011500308477231602
2021-06-30,134.20745849609375,134.64841164879587,133.1393533635694,133.43332711607954,63261400,126.59301254272461,122.34187740325928,3.837281859010107,0.004621380337545888
2021-07-01,134.51123046875,134.5700222308275,133.03156801320802,133.85469753867326,52485800,126.67133499145508,122.45111896514892,4.0343086596766105,0.002263450750504159
2021-07-02,137.1471405029297,137.18633001828633,134.98154971442102,135.1285290871627,78852600,126.8328956604004,122.5901655960083,4.43925803791075,0.019596207877914384
2021-07-06,139.1657257080078,140.27300511470358,137.25491925633426,137.25491925633426,108181800,126.9882649230957,122.74803226470948,4.875509020328558,0.014718390756641497
2021-07-07,141.6645050048828,141.9780660151754,139.79288772853153,140.65519172092976,104911600,127.18578384399414,122.93545703887939,5.462054661952006,0.017955421740248445
2021-07-08,140.36122131347656,141.16473348435932,137.84286503744906,138.73457978552972,105575500,127.36369247436524,123.10056873321533,5.836760453785072,-0.009199789964051575
2021-07-09,142.19361877441406,142.72275942044914,139.7830526150671,139.88104882276198,99890800,127.59409713745117,123.26640792846679,6.261152527841669,0.013054869741017106
2021-07-12,141.5959014892578,143.37933109333952,141.105950273032,143.27154122768485,76299700,127.81450454711914,123.45212451934815,6.513359531626015,-0.004203545069800252
2021-07-13,142.7129669189453,144.4963962387887,140.74336872639185,141.13532365605394,100827100,128.09677352905274,123.63806346893311,6.733655339899746,0.007889108497764363
2021-07-14,146.15240478515625,146.56397686036559,144.71194737828577,145.1235194534951,127050800,128.42670211791992,123.82140502929687,7.0818019933928555,0.02410038793576752
2021-07-15,145.49586486816406,146.98532030046908,144.1338014981312,146.24060006037655,106820300,128.83525817871094,123.98839767456055,7.315625662150274,-0.004492159523186046
2021-07-16,143.44789123535156,146.7501570666892,142.94814646554318,145.47629609045745,93251400,129.19796295166014,124.1493920135498,7.2735671927725525,-0.014075820193709232
2021-07-19,139.5871124267578,141.17456469301598,138.8227896494256,140.8609887063535,121434600,129.45136566162108,124.28269668579101,7.132180545877847,-0.026914155205387202
2021-07-20,143.21270751953125,144.1436266165373,140.08683190917176,140.57678303301844,96350000,129.76375778198243,124.42935123443604,7.074048737467074,0.025973709390082922
2021-07-21,142.477783203125,143.19312262136464,141.72326922538142,142.60517528212256,74993500,130.1273013305664,124.59071186065674,6.966737352095722,-0.005131697662416057
2021-07-22,143.8496551513672,145.22151233826582,142.87954652855333,143.00693860738033,77338200,130.5367044067383,124.74196514129639,6.8761059093744645,0.009628672747430178
2021-07-23,145.57427978515625,145.73106773788473,143.96724064999466,144.58458386878672,71447400,131.04213806152345,124.91812564849853,6.734636997602813,0.01198907729027443
2021-07-26,145.9956512451172,146.81876560092866,144.731568886007,145.29012038238656,72434100,131.51288345336914,125.0870320892334,6.606274919181998,0.002894546073542781
2021-07-27,143.82028198242188,146.2112462731185,142.62479983707357,146.1230436919417,104818600,131.8915182495117,125.24559795379639,6.49327821826506,-0.014900233288750564
2021-07-28,142.0662384033203,144.01624946103246,139.67527427888382,141.8996567982077,118931200,132.25819793701172,125.38564266204834,6.23678017990224,-0.01219607940496148
2021-07-29,142.7129669189453,143.604681578867,141.6742728984309,141.7820627469063,56699500,132.66564117431642,125.49269603729248,5.972709132628409,0.004552302664542651
2021-07-30,142.92855834960938,143.38911365343876,141.21372922534522,141.4783070482548,70440600,133.08053176879883,125.61691665649414,5.757789542054223,0.0015106646250757638
2021-08-02,142.5953826904297,143.99663576121543,142.3308048906137,143.41849700972153,62880000,133.4374122619629,125.73903244018555,5.397843525816766,-0.0023310642955253202
2021-08-03,144.39840698242188,145.06473338535233,142.26221214218597,142.87955539064197,64786600,133.86719772338867,125.87250358581542,5.143507011390865,0.012644338533082111
2021-08-04,143.99664306640625,144.81975742745607,143.34011030565534,144.31021898611445,56368300,134.25621932983398,126.01220558166504,4.928571666813807,-0.0027823292819604273
2021-08-05,144.10443115234375,144.86875375710454,143.2323186955207,144.0260371733782,46397700,134.65131607055665,126.16726791381836,4.647304068152817,0.0007485458246954124
2021-08-06,143.41744995117188,144.36938030633664,142.9169565067693,143.62354429564462,54126800,135.03365295410157,126.31143589019776,4.264504843888441,-0.00476724550160168
2021-08-09,143.36842346191406,143.96706011061815,142.80905002187748,143.47637482395993,48908700,135.44577835083007,126.45847904205323,3.7649504115045684,-0.0003418446588926427
2021-08-10,142.88755798339844,144.95825044162723,142.59314382367126,143.7119056510136,69023100,135.86141677856446,126.60857841491699,3.3099956385495926,-0.003354054309199883
2021-08-11,143.14268493652344,143.98666406649497,142.81883091257257,143.32914770557306,48493500,136.28862548828124,126.76341499328613,2.9110237512477184,0.0017855085266040849
2021-08-12,146.11622619628906,146.27324904121383,143.12304372844764,143.46652932990523,72282600,136.76001846313477,126.93307052612305,2.561382990428827,0.020773267324727396
2021-08-13,146.32237243652344,146.6560348694099,145.5078329859867,146.1947894579671,59375000,137.26532348632813,127.09619979858398,2.132756346563383,0.001410837424431266
2021-08-16,148.30465698242188,148.37336008287176,143.74129162991707,145.77272011813153,103296000,137.76421844482422,127.29556819915771,2.0322913493683976,0.01354737838711828
2021-08-17,147.3920135498047,148.85424577061949,146.3125001875388,147.43126177455844,92229700,138.2446647644043,127.47028633117675,1.987996542591867,-0.0061538420383209225
2021-08-18,143.63339233398438,147.91216847248862,143.42729793250948,147.00930937577087,86326000,138.6334765625,127.6577070236206,1.9495902942260177,-0.025500847198550947
2021-08-19,143.967041015625,145.24282558662867,141.80802903559353,142.3281541725026,86960300,139.02131774902344,127.84723476409913,1.8385525279858401,0.0023229186209345887
2021-08-20,145.42929077148438,145.7335132179683,144.04555482987226,144.6932629269492,60549600,139.45839416503907,128.03593170166016,1.8289292864460935,0.010156836908946865
2021-08-23,146.92100524902344,147.39205896382327,145.13490349467733,145.54707736694314,60131800,139.90100311279298,128.21009876251222,1.8435453670278372,0.010257317969617485
2021-08-24,146.83261108398438,148.0495155771115,146.37136587144144,146.6657799394827,48606400,140.28050216674805,128.36393173217775,1.881911871639342,-0.0006016441616992774
2021-08-25,145.59608459472656,147.51957679036173,145.04651967440822,147.0190684008053,58991300,140.6517332458496,128.5122414779663,1.8660947571967963,-0.008421334199052999
2021-08-26,144.7913818359375,146.34194886069025,144.76194192197897,145.58630443638947,48597200,140.99687545776368,128.6681025314331,1.8551859144827914,-0.005526953290186265
2021-08-27,145.8316192626953,145.97881880445442,144.09458979733273,144.7324744443169,55802400,141.33068130493163,128.8308741760254,1.8685928978715831,0.007184387727831032
2021-08-30,150.26742553710938,150.63054275493232,145.841450580605,146.22418442407636,90956700,141.77926849365235,128.99863342285155,1.940805260254711,0.030417314824047637
2021-08-31,149.00148010253906,149.953410655414,148.4715316635546,149.81601938873746,86453100,142.16647644042968,129.1614305114746,2.0681531852431734,-0.008424616513162286
2021-09-01,149.66879272460938,152.09277878484346,149.50196155532296,149.98283843704763,80313700,142.5341064453125,129.327320022583,2.1880146886007017,0.004478563713669725
2021-09-02,150.78758239746094,151.83765609727,149.56086918246524,151.00348512126232,71115500,142.929599609375,129.49372406005858,2.400582142856984,0.007475103209458878
2021-09-03,151.4254608154297,151.74931485528106,150.2379960026413,150.89551239584583,57808700,143.34353393554687,129.6677618789673,2.641222250240828,0.004230311328205838
2021-09-07,153.77090454101562,154.33027778829793,151.51375000527457,152.08294653860207,82278300,143.81025604248046,129.86016902923583,3.0345203971175327,0.015489097493616155
2021-09-08,152.22035217285156,154.1143897180931,151.11139891038036,154.0555098943376,74420200,144.21323852539064,130.0418441772461,3.2225049892040003,-0.010083522450441751
2021-09-09,151.19973754882812,153.20172648114232,151.08196292373444,152.59328165383056,57305700,144.56543151855467,130.22476547241212,3.256611059054384,-0.006704849972127835
2021-09-10,146.19476318359375,152.58347968661215,145.92978895826295,152.11242604398817,140893200,144.80517761230467,130.3997066116333,3.180567242840068,-0.03310173976735953
2021-09-13,146.76393127441406,148.5990889424979,145.9788320399669,147.82381299473937,102404300,145.05023162841798,130.57104694366456,3.106174668093025,0.0038932180498527647
2021-09-14,145.3605499267578,148.25560401020851,144.17310036481527,147.5490162648704,109296300,145.21449981689454,130.73117015838622,3.0206911250717825,-0.009562167866928095
2021-09-15,146.25363159179688,146.65599705539884,143.64318269682568,145.79238629928224,83281300,145.35625793457032,130.89302375793457,2.9892817744396716,0.006143906757982487
2021-09-16,146.01809692382812,146.19475138463315,144.4773531646783,145.67462626455162,68034100,145.44332977294923,131.04168533325196,2.945622470530732,-0.0016104534663873293
2021-09-17,143.33895874023438,146.04755063760766,143.04454462427765,146.04755063760766,129868800,145.50288452148436,131.15902725219726,2.9738508458223505,-0.01834798727031317
2021-09-20,140.27708435058594,142.141682080616,138.63819761482773,141.12106347538898,123478900,145.4645538330078,131.2593016052246,3.149788453844837,-0.021361075987703426
2021-09-21,140.75794982910156,141.90616637912737,140.1200650564419,141.24863503100102,75834000,145.44779479980468,131.36266395568848,3.2803392012999986,0.00342796887133634
2021-09-22,143.1328887939453,143.70207048798758,141.0229333023473,141.75896115358555,76404300,145.4561932373047,131.48127098083495,3.27084449417007,0.016872503242106207
2021-09-23,144.09461975097656,144.33996235458966,142.92678656185444,143.9179652896226,64838200,145.4150375366211,131.59736083984376,3.2397071416184446,0.006719147256335711
2021-09-24,144.18292236328125,144.7226790220036,142.8482581592234,142.94640117881744,53477900,145.38877868652344,131.7108152770996,3.2712555195918105,0.0006128099193245529
2021-09-27,142.6618194580078,143.24083941199348,141.14070721951342,142.75996249414771,74150700,145.37305725097656,131.82936241149903,3.351490067195046,-0.010549813253478701
2021-09-28,139.26629638671875,142.05338511565432,139.0503936707916,140.58132931134702,108972300,145.36664093017578,131.9238014984131,3.5851142740073154,-0.023801204023537137
2021-09-29,140.1691436767578,141.7589590196526,139.38404431901697,139.81584971450067,74602000,145.3057696533203,132.02680839538573,3.7437315818452275,0.0064828843263844416
2021-09-30,138.8639373779297,141.69028944644563,138.6480346518888,140.98370142931665,89056700,145.2334927368164,132.12636611938476,3.9433764397478646,-0.009311652083985322
2021-10-01,139.99246215820312,140.2574363223273,136.5184180127203,139.25643446026405,94639600,145.15634887695313,132.2017747116089,4.072934288044597,0.008126838411632198
2021-10-04,136.5478515625,139.56066532016914,135.69406426450567,139.11903674235856,98322000,144.9758203125,132.26030204772948,4.40288823130827,-0.02460568621052206
2021-10-05,138.48118591308594,139.59013932235956,136.76378761176298,136.89137056313777,80861100,144.82553100585938,132.32414943695068,4.569264482933574,0.01415865814410866
2021-10-06,139.35459899902344,139.50179857153668,135.79221959896122,136.87173304580557,83221100,144.7362173461914,132.40232707977296,4.675635638799349,0.006307088433555652
2021-10-07,140.62054443359375,141.5332266041183,140.06117114642012,140.39483345627966,61732700,144.70730346679687,132.47916664123534,4.737045925625931,0.009084346291141632
2021-10-08,140.23782348632812,141.49397639424066,139.90416114584096,141.34677682476803,58773200,144.65780059814452,132.5362661743164,4.8067857223697334,-0.002721657413624623
2021-10-11,140.14950561523438,142.1122464318601,139.16813520692153,139.61957218353604,64452200,144.60221954345704,132.5974174118042,4.8664532714372655,-0.000629772117807903
2021-10-12,138.87374877929688,140.5813390210631,138.41250339746108,140.56170741611578,73035900,144.52778686523436,132.64725719451906,4.834723451888209,-0.009102827943182068
2021-10-13,138.28492736816406,138.76578935248517,136.6067771440449,138.60878144560903,78762700,144.40551727294923,132.6711008834839,4.84748185648757,-0.004239976354844299
2021-10-14,141.08180236816406,141.19957699805144,138.87371898295444,139.46254720881987,69907100,144.34722045898437,132.71781764984132,4.730832663972107,0.02022545083712357
2021-10-15,142.1416778564453,142.2005576815035,140.83645349440351,141.09161936901995,67940300,144.3079653930664,132.77545009613038,4.52051063429022,0.007512488999221967
2021-10-18,143.81983947753906,144.1044303133813,140.4929943196034,140.77758515544568,85589200,144.31601318359375,132.84650394439697,4.239562167574109,0.011806260108935707
2021-10-19,145.98863220214844,146.39099759633692,143.81981234722122,144.27123427402455,76378900,144.36841735839843,132.944421043396,3.7558666085552925,0.015079927306886454
2021-10-20,146.47933959960938,146.96021648343887,145.36057794956784,145.92977457496073,58418800,144.44025299072266,133.03697734832764,3.372557965094706,0.0033612712857085114
2021-10-21,146.6952667236328,146.85228960669923,145.1152595272771,146.03775024713434,61421000,144.51130462646483,133.15215129852294,3.0499549127073213,0.0014741131726403456
2021-10-22,145.91998291015625,147.38221538017035,145.87091138995885,146.90135341600217,58883400,144.5073797607422,133.24235042572022,3.037942356127258,-0.005284995424815975
2021-10-25,145.87086486816406,146.58726091608818,144.86986307857808,145.91011308708946,50720600,144.498349609375,133.3267850112915,2.9956961206970503,-0.0003366094280755627
2021-10-26,146.53823852539062,148.02991078440542,146.23400111612685,146.54804683877686,60893400,144.46302124023438,133.42955013275147,3.0463184248252855,0.004575099063337529
2021-10-27,146.0770263671875,146.94062235133498,145.7237323363229,146.57752000485914,56094900,144.43672149658204,133.53088821411131,3.038381563289539,-0.003147384347213955
2021-10-28,149.72769165039062,150.3165049156438,146.9307799732344,147.02892300470535,100077900,144.55860748291016,133.6402724838257,3.2661836332487093,0.024991371839858
2021-10-29,147.00929260253906,147.14668386300448,143.68244746206824,144.47735511008415,124953200,144.61945251464843,133.7457346343994,3.372637602823836,-0.018155619831493386
2021-11-01,146.1849365234375,146.911141011652,145.04654330331536,146.21437643649898,74588300,144.6345654296875,133.85571960449218,3.4140167006110023,-0.005607510005033012
2021-11-02,147.2252197265625,148.7463471320613,145.88073183903717,145.89055512860912,69122000,144.64064971923827,133.96753601074218,3.4943046893485503,0.007116213392877269
2021-11-03,148.6678009033203,149.1388544822275,147.0289142026338,147.58828751986294,54511500,144.677353515625,134.06605293273927,3.652000687077151,0.00979846509610982
2021-11-04,148.14768981933594,149.5902906052328,147.8336440873552,148.75613470689277,60394600,144.7283856201172,134.13833137512208,3.7655535977560013,-0.003498478357950585
2021-11-05,148.67837524414062,149.58255183119843,147.47935487956067,149.2778854264306,65463900,144.80612548828125,134.20251846313477,3.8942769715878853,0.003582137699560839
2021-11-08,147.8528289794922,148.96340074214248,147.5776454448072,148.80614872335738,55020900,144.8465496826172,134.24377502441405,3.978203567023156,-0.0055525644754513825
2021-11-09,148.21649169921875,148.8258246521251,147.47938958016843,147.61698137586924,56787900,144.80553100585936,134.2856775665283,3.9854847091536527,0.002459626388190417
2021-11-10,145.3761444091797,147.54814453869201,145.3073560321018,147.44003566353302,65187100,144.7330242919922,134.31875091552735,3.935125066606757,-0.01916350371997122
2021-11-11,145.32704162597656,146.86021155645847,145.14030669919578,146.3983080486063,41000000,144.64618927001953,134.37585151672363,3.8212017301847423,-0.00033776369157867414
2021-11-12,147.4105987548828,147.81353650941713,144.94375410603553,145.8774137755265,63804000,144.57864959716798,134.46842422485352,3.7803001426519103,0.01433702293526773
2021-11-15,147.42041015625,149.26808409571646,146.86020539939403,147.78404236912726,59222800,144.4985485839844,134.5503993988037,3.5097904385546186,6.655831704138748e-05
2021-11-16,148.40318298339844,148.88476162488783,146.771727173987,147.36141469432596,59256200,144.39119415283204,134.63313682556154,3.3585050989817122,0.006666463796341393
2021-11-17,150.8503875732422,152.33441420975052,148.39338089243975,148.40320352046666,88807000,144.36379486083985,134.7332386779785,3.3330135914865417,0.0164902432727303
2021-11-18,155.15501403808594,155.94125897737194,150.41791414763446,151.06656734727352,137827700,144.442900390625,134.83801414489747,3.640103340748178,0.028535733544295505
2021-11-19,157.78895568847656,158.25087409630834,153.8380851561955,154.9388192362829,117305600,144.67478424072266,134.95803810119628,4.068335121765935,0.016976194206292705
2021-11-22,158.2509002685547,162.85040986078795,158.23124001490817,158.89953867509402,117467900,144.90452362060546,135.07963806152344,4.4099048415227236,0.002927610351830534
2021-11-23,158.63418579101562,159.01747824025801,156.32459347097884,158.34916461294523,96041900,145.16999633789064,135.20755638122557,4.597880228285531,0.002422011639810595
2021-11-24,159.1551055908203,159.35166317347716,156.89465589931083,157.98556772889597,69463600,145.4280258178711,135.34111206054686,4.680309208168779,0.003283780209210052
2021-11-26,154.11331176757812,157.69071352451056,153.6710534864823,156.82585721821107,76959800,145.5899301147461,135.45073036193847,4.5679590160378964,-0.031678492527939306
2021-11-29,157.4842987060547,158.41795820454487,156.05922289657292,156.62925022109002,88748200,145.8728369140625,135.57602981567382,4.635377322784158,0.021873431307221747
2021-11-30,162.45729064941406,162.673508444908,157.1698072809554,157.23861066878493,174048100,146.31644104003905,135.73685707092284,5.078091323603844,0.031577700026092614
2021-12-01,161.9364013671875,167.3712989739356,161.7005233258962,164.59978822518326,152052500,146.7400100708008,135.90657402038573,5.453342657626125,-0.0032063152114893967
2021-12-02,160.9437713623047,161.3762069674829,155.08627542774454,156.0101124031017,136739200,147.09622772216798,136.0768548965454,5.706779320001155,-0.006129752152711165
2021-12-03,159.05679321289062,162.1231479856483,156.97325618498053,161.19931100266786,118023100,147.39547119140624,136.23691833496093,5.821601905148639,-0.011724455898117547
2021-12-06,162.47694396972656,164.9929163957049,161.45482079893625,161.46464342690166,107497000,147.76135162353515,136.43301147460937,6.051753113478871,0.02150270156810108
2021-12-07,168.23614501953125,168.62927506471814,165.44498918240458,166.17226851871695,120405400,148.27283813476564,136.65858535766603,6.611970430054056,0.035446266461521825
2021-12-08,172.06912231445312,172.93399360891482,167.76444109423116,169.16985694773143,116998900,148.9288946533203,136.90581871032714,7.373817754800014,0.022783316239663565
2021-12-09,171.5580291748047,173.71036939014843,170.9290360750293,171.9020161028415,108923700,149.55667236328125,137.1718221282959,7.915745261188143,-0.0029702780648489524
2021-12-10,176.3639373779297,176.54084965789616,171.68580203438307,172.19686362537885,115402700,150.30667236328125,137.46053451538086,8.802963340460028,0.028013309701921063
2021-12-13,172.71775817871094,178.99786706027314,172.51136300579722,178.00522669948663,153237000,150.9611782836914,137.69907649993897,9.198894960705035,-0.020674176668018962
2021-12-14,171.33197021484375,174.68333050700522,169.2484336092193,172.23614676061243,139380400,151.65686065673827,137.94374897003175,9.391754791626141,-0.00802342491287611
2021-12-15,176.21653747558594,176.41309502787303,169.34674079975917,172.0985915209184,131063300,152.41156768798828,138.22781143188476,9.821280948321917,0.028509374255237585
2021-12-16,169.29757690429688,178.02486912244925,167.81355032065514,176.19685561719783,150185800,153.01042724609374,138.48671909332276,9.86192361322927,-0.039263968469745114
2021-12-17,168.1968536376953,170.48678573043304,166.77179272061935,167.00765577116044,195432700,153.56195343017578,138.73381343841552,9.796784622863823,-0.0065017071521572545
2021-12-20,166.83074951171875,167.64647750919124,164.58013804602012,165.38602841932968,107499100,154.0938119506836,138.99882678985597,9.669415526604148,-0.008122055177793186
2021-12-21,170.01502990722656,170.22141005857458,166.21157358651485,168.60961436850548,91185900,154.69112243652344,139.25662616729736,9.55228365711642,0.019086891384397564
2021-12-22,172.6194610595703,172.8356788475582,169.18947432865244,170.06416810864746,92135300,155.3660366821289,139.53287689208983,9.48464444906301,0.015318828892745051
2021-12-23,173.2484588623047,173.80866359990947,172.25583353339374,172.82586089930805,68356600,156.06530731201173,139.80258808135986,9.202590091760271,0.003643840612602256
2021-12-27,177.2288055419922,177.3172541822936,174.02487426792013,174.04451952373478,74919600,156.78824737548828,140.09674976348876,8.988193715434988,0.022974788380951905
2021-12-28,176.20669555664062,178.21162153170226,175.45977087759823,177.0617441326432,79144300,157.46954772949218,140.37132289886475,8.73568591141025,-0.005767177532037149
2021-12-29,176.29515075683594,177.5236541153346,175.07647002650884,176.2460076232202,62348900,158.11905395507813,140.6386103439331,8.367099374529205,0.0005019968163859634
2021-12-30,175.1354522705078,177.4647050549678,175.02734336493052,176.38361599919477,59773000,158.70199035644532,140.90406105041504,7.8930679199424585,-0.006578164409795306
2021-12-31,174.5162811279297,176.1477221985718,174.21159969660636,175.02732773011687,64062300,159.26272918701173,141.18710567474366,7.456385634965952,-0.0035353843813517027
2022-01-03,178.87989807128906,179.7349465415521,174.65385883537695,174.77179035001552,104487900,159.90642181396484,141.49460964202882,7.3944089742353585,0.025004067902183902
2022-01-04,176.60964965820312,179.79393593953884,176.0396222685355,179.4892694890775,99310400,160.5202151489258,141.77413230895996,7.298135650220774,-0.012691467501737774
2022-01-05,171.911865234375,177.07157997213048,171.63668164807183,176.52121279952414,94537600,161.04103515625,142.03432357788085,7.051997501978405,-0.026599817353807453
2022-01-06,169.04208374023438,172.28533602057317,168.68827412789958,169.73004270966848,96904000,161.49111206054687,142.29214939117432,6.7719514940474,-0.016693329981779526
2022-01-07,169.20912170410156,171.14524402422893,168.08872734087262,169.91674077523325,86709100,161.95375396728517,142.54836490631104,6.490120126343117,0.0009881442547992059
2022-01-10,169.22877502441406,169.53344141826716,165.27790453846367,166.17225846623543,106765600,162.34377563476562,142.80164596557617,5.78337298774496,0.00011614811373394929
2022-01-11,172.06912231445312,172.16739360021757,167.88238763208216,169.35659188597938,76138300,162.8449722290039,143.06824844360352,5.263420721005534,0.016784068132794205
2022-01-12,172.51133728027344,174.13295555388092,171.81355583992206,173.09118720876316,74805200,163.37150024414063,143.34434982299805,5.0335648304583405,0.002569984433419492
2022-01-13,169.22877502441406,173.58258316228603,168.83564500300932,172.75703261190145,84505800,163.81157135009767,143.59303318023683,4.745340742002289,-0.01902809582031295
2022-01-14,170.0936737060547,170.79145523828697,168.14771352583708,168.39341420548664,80440800,164.24008880615236,143.84188362121583,4.332271659851821,0.005110825162658372
2022-01-18,166.87989807128906,169.57276781693594,166.4966056259258,168.56048225619764,90956700,164.61473297119142,144.0604805755615,3.746199731470405,-0.018894151468087372
2022-01-19,163.37127685546875,168.13787560571404,163.08627069140266,167.07644696659617,94815000,164.90859100341797,144.26001819610596,3.6716576667591827,-0.021024828372806614
2022-01-20,161.68087768554688,166.7619661877595,161.3565509731018,164.10840171802175,91420500,165.18515197753905,144.44283767700196,4.070827645305027,-0.010346978994461464
2022-01-21,159.6169891357422,163.46957389675498,159.50888023954428,161.59241715203612,122848900,165.41316192626954,144.60330547332762,4.627169081435778,-0.012765198824679413
2022-01-24,158.840576171875,159.50888984216238,152.03958291935942,157.26810076459748,162294600,165.68245056152344,144.74697834014893,5.152625257351335,-0.004864225093275665
2022-01-25,157.03221130371094,159.9609590965899,154.31968130054574,156.24596615896806,115798400,165.91655395507811,144.89021785736085,5.625899673574173,-0.011384779076898499
2022-01-26,156.94375610351562,161.56292551584528,155.1059199641222,160.6882317654177,108275300,166.10721710205078,145.0174122238159,6.099838182832293,-0.0005632933489310155
2022-01-27,156.48184204101562,161.02238556956317,155.55800513342504,159.65629046052865,121954600,166.2884457397461,145.15403591156007,6.547003159477617,-0.002943182156258106
2022-01-28,167.4008026123047,167.4204628672782,160.0002987329338,162.8602584781643,179935700,166.66839813232423,145.33317317962647,6.416893556005298,0.06977781210184819
2022-01-31,171.77426147460938,171.99047927683918,166.5948868425434,167.2337176205423,115541600,167.08687561035157,145.53584049224852,6.438248450080875,0.026125674393769227
2022-02-01,171.607177734375,171.83321815334287,169.3467285555597,171.01749012376968,86213900,167.41591888427735,145.73434650421143,6.45421430136838,-0.000972693689962778
2022-02-02,172.81602478027344,172.8553452866124,170.34919537896823,171.74477342641566,84914300,167.71646026611327,145.9473586654663,6.474646327914838,0.007044268554836197
2022-02-03,169.92660522460938,173.20917811107464,169.16002020827554,171.47943551308546,89418100,167.94997436523437,146.14401615142822,6.474321793186396,-0.01671962747284461
2022-02-04,169.64122009277344,171.32396054369477,167.9584796418521,168.9425345214472,82465400,168.17011505126953,146.34687671661376,6.4441168699923725,-0.0016794611500577927
2022-02-07,168.92286682128906,171.17634592324976,168.22418123926562,170.1037296917855,77251200,168.36547027587892,146.534504737854,6.398197373963194,-0.004234544358331815
2022-02-08,172.0423126220703,172.55402535255456,168.6965170956554,168.99173655614575,74829200,168.72405029296874,146.73577350616455,6.237257723376786,0.0184666875449222
2022-02-09,173.4691925048828,173.83328800439335,172.1111919697569,173.24286408752374,71285000,169.0437481689453,146.94579051971436,6.145478662511919,0.00829377297401801
2022-02-10,169.37550354003906,172.68192819387235,168.8146001247778,171.36329839541398,90865900,169.1821124267578,147.13930110931398,5.981060628038858,-0.023598939418182363
2022-02-11,165.9510498046875,170.3202568074952,165.36061074439328,169.582215489872,98670700,169.2624053955078,147.3161787033081,5.865876737006463,-0.020218116928237162
2022-02-14,166.18716430664062,166.87599960086266,163.90415017095245,164.7012320839439,86185500,169.36727325439452,147.50411693572997,5.754420638171603,0.0014227960728843136
2022-02-15,170.0348358154297,170.192288199675,167.53534303134987,168.24386374496802,62527400,169.5868341064453,147.70601123809814,5.390631678374631,0.023152639524491425
2022-02-16,169.79869079589844,170.57608762783394,167.3385533314997,169.10985530896428,61177400,169.73326904296874,147.92966438293456,5.138380405113045,-0.0013888037612926896
2022-02-17,166.18716430664062,169.16884887808143,165.78369827163797,168.30287592792615,69589300,169.69228942871095,148.1340369415283,5.072315770688034,-0.021269460160908693
2022-02-18,164.63238525390625,167.82071347120757,163.54008373100112,167.11220776829634,82772700,169.5435546875,148.3226139831543,5.082341846433689,-0.009355590482701626
2022-02-22,161.6998748779297,164.03207970283808,159.5644629736706,162.3493395656181,91162800,169.3463916015625,148.49314785003662,5.159145909675137,-0.017812475786303295
2022-02-23,157.51766967773438,163.50071005203375,157.20276491304196,162.90043598288878,90009200,168.9694662475586,148.65923316955568,5.409783574331175,-0.025863997751096268
2022-02-24,160.1450958251953,160.25334246210673,149.5763410580208,150.14709468760051,141147500,168.71801300048827,148.84306114196778,5.421323728769228,0.016680199452140165
2022-02-25,162.22146606445312,162.48715009234238,158.30491651486224,161.22756094554026,91974200,168.53580291748048,149.05265548706055,5.323741907286958,0.012965556194891148
2022-02-28,162.4871368408203,162.78235630766343,159.84002681342048,160.45998619224247,95056600,168.26121490478516,149.2527992630005,5.3126852860115035,0.001637704200390111
2022-03-01,160.5977325439453,163.9435277104657,159.38734940316522,162.07381467213503,83474400,168.08721801757812,149.43134521484376,5.311987817339079,-0.011628023815361765
2022-03-02,163.9041748046875,164.69142169446647,160.35173616541616,161.7687775639212,79724800,168.00136444091797,149.6322048187256,5.306856512291335,0.02058834958854372
2022-03-03,163.57943725585938,166.21671212228483,162.91028714997404,165.78372557589515,76678400,167.93633819580077,149.83839797973633,5.304685119220229,-0.00198126465793258
2022-03-04,160.5682373046875,162.91029278730187,159.5153063627005,161.8671969888056,83737200,167.74740234375,150.03031902313234,5.333111139584702,-0.018408181380780597
2022-03-07,156.7599334716797,162.38872815867046,156.5040696124171,160.75519357831982,96418800,167.43021179199218,150.19036190032958,5.457475966066146,-0.023717666064810405
2022-03-08,154.92959594726562,160.28285666328267,153.3157466151268,156.28759642734667,131148300,167.06383453369142,150.35046421051027,5.651740504444416,-0.011676054485853293
2022-03-09,160.3517303466797,160.80440217190915,156.8681828813347,158.9051685561548,91454900,166.72629302978515,150.52949504852296,5.52506385142188,0.03499740876662205
2022-03-10,155.9923858642578,157.83256370946663,153.49287802702014,157.64559087729302,105342000,166.3220068359375,150.68770900726318,5.574998857573606,-0.02718613932632341
2022-03-11,152.26283264160156,156.7402860916004,152.03650418598505,156.39586082025883,96970100,165.84136047363282,150.82752014160155,5.8415221227948395,-0.02390855939533898
2022-03-14,148.2183380126953,151.66253001815127,147.70664029732,149.035105347276,108732100,165.30301818847656,150.9548010635376,6.5494023809481705,-0.02656258627754704
2022-03-15,152.61705017089844,153.089407270085,147.98216062819657,148.49385829575584,92964300,164.86503356933594,151.1073581314087,6.709347563336844,0.029677246534948853
2022-03-16,157.04531860351562,157.44878471807237,151.99712715402308,154.54582575293017,102300200,164.42834197998047,151.28367347717284,6.6274622488295565,0.02901555512741516
2022-03-17,158.0588836669922,158.4328293113158,155.1165693039783,156.08093884327653,75615400,164.05732666015626,151.46123500823975,6.417810672278229,0.006453965469900291
2022-03-18,161.3653106689453,161.85733809568418,157.21259798603037,157.9506391261387,123511700,163.84639556884767,151.6627759552002,6.264905626449229,0.020918957069944177
2022-03-21,162.7429962158203,163.69753062342352,160.410776006235,160.90280343219604,95811400,163.72041381835936,151.8596913909912,6.107707913749396,0.008537680999489705
2022-03-22,166.12815856933594,166.71858251121776,162.28050023380402,162.87092417568584,81532000,163.65879455566406,152.0734836959839,6.018969679176282,0.020800663821049614
2022-03-23,167.49598693847656,169.88723307812018,164.9767938445975,165.31138391398235,98062700,163.62413879394532,152.28999961853026,5.808236067764046,0.008233573290164165
2022-03-24,171.29444885253906,171.36332488957797,167.49599622256298,168.33243390367338,90131400,163.60864532470703,152.5235969543457,5.668748682593928,0.02267792789243206
2022-03-25,171.93406677246094,172.48513509296794,169.99547749215097,171.10746429170044,80546200,163.59709991455077,152.7653899383545,5.806227577789893,0.0037340259664369047
2022-03-28,172.80003356933594,172.92795048627315,169.25743018713217,169.42471770580778,90371900,163.66852508544923,153.00543731689453,6.103846685166565,0.005036621381270701
2022-03-29,176.10646057128906,176.15565130084448,173.52822668291532,173.8726518827145,100589400,163.7887808227539,153.24668132781983,6.588714808402915,0.019134411803377382
2022-03-30,174.93540954589844,176.74606660387158,173.88246380150596,175.70297101646278,92633200,163.9498910522461,153.48618572235108,6.842547194204156,-0.006649676687565775
2022-03-31,171.8258056640625,175.19127120838715,171.6191475535364,175.0042983977884,103049300,164.11898162841797,153.7076433944702,6.926809383248826,-0.017775725851660984
2022-04-01,171.5305938720703,172.09151232886626,169.1983887454629,171.25505972274473,78751300,164.31597595214845,153.91958972930908,7.090411490852436,-0.00171808763445791
2022-04-04,175.5947723388672,175.64397809076996,171.6585524344424,171.78648438629216,76468400,164.63553161621093,154.15837326049805,7.464703845278199,0.023693606924884758
2022-04-05,172.26864624023438,175.45698948199342,171.6388517127187,174.66974256872732,73401800,164.90409301757813,154.37151107788085,7.644056506545539,-0.018942056499347104
2022-04-06,169.0901336669922,170.86143526379934,167.41724355380708,169.6116814961237,89058800,165.14525146484374,154.5605252838135,7.626724454187084,-0.018450905853231392
2022-04-07,169.3951873779297,170.5957353976524,167.14170856316215,168.43081790840108,77594700,165.39428009033202,154.75243659973145,7.659591680811001,0.0018040893594553076
2022-04-08,167.37789916992188,169.04095440141643,166.50209088425444,169.04095440141643,76575500,165.61220123291017,154.9356823730469,7.67297433618796,-0.011908769305866596
2022-04-11,163.10707092285156,166.33476922464124,162.8610572412183,166.0198795202021,72246700,165.5263265991211,155.09904373168945,7.668733259593228,-0.025516082279982366
2022-04-12,164.98663330078125,167.1613860255376,163.98289318870957,165.34089363354275,79265200,165.39057403564453,155.26362075805665,7.63688901708336,0.01152348802106018
2022-04-13,167.68292236328125,168.31271679879137,164.1108138532633,164.72092298955894,70618900,165.31208892822266,155.4340849304199,7.6582718075663845,0.016342469741682075
2022-04-14,162.65440368652344,168.53906192676106,162.40838999801636,167.89941732735232,75329400,165.10885650634765,155.57631965637208,7.664388796528974,-0.029988257634630422
2022-04-18,162.43792724609375,163.94352983512067,160.96184509877446,161.30625525719185,69023900,164.95908294677736,155.7159531402588,7.63827763062176,-0.0013308981221737959
2022-04-19,164.7307891845703,165.14410546856962,161.2964470906838,162.38874866299832,67723800,164.86087432861328,155.85387138366698,7.492205927910209,0.01411531147527434
2022-04-20,164.56350708007812,166.1872067765634,163.45153518362264,166.06910997059992,67929800,164.77368713378905,155.98086029052735,7.252814932426517,-0.0010154877865895529
2022-04-21,163.7664031982422,168.7949239860417,163.26454063992998,166.21670513338208,87227800,164.6081689453125,156.09136978149414,7.200386998523958,-0.004843746320063902
2022-04-22,159.21023559570312,165.1932911869879,158.92486628163977,163.8057851903542,84882400,164.32298980712892,156.18561485290527,7.079385477485273,-0.027821137385692807
2022-04-25,160.28282165527344,160.56819088887514,155.93330202737678,158.55087591044014,96046400,164.1411361694336,156.27606086730958,6.706180663183094,0.006736916477493526
2022-04-26,154.29981994628906,159.75147779014623,154.22109374803105,159.66291644791357,95623200,163.90811157226562,156.3395804595947,6.234594986271124,-0.037327778780013365
2022-04-27,154.07345581054688,157.24209821717469,152.9024282829644,153.42397608702464,88063200,163.66583740234375,156.39638290405273,6.132341456856141,-0.0014670408288290915
2022-04-28,161.03074645996094,161.8967195942573,156.3958411813348,156.710745963074,130216800,163.48575561523438,156.47077461242677,5.973686479971254,0.045155673394961404
2022-04-29,155.13626098632812,163.54993403564234,154.74264500205678,159.25945373894038,131747600,163.19250701904298,156.51897659301758,6.130977748500985,-0.03660472054694497
2022-05-02,155.44129943847656,155.70698341755673,150.8260801242461,154.21123096519486,123055300,162.9775897216797,156.5789436340332,6.37574633959889,0.0019662614672357748
2022-05-03,156.93707275390625,158.14747110367338,153.82747065183054,155.62827792248643,88966500,162.8236834716797,156.66569343566894,6.557195607371151,0.009622753546406848
2022-05-04,163.372802734375,163.82545959087432,156.72058183628712,157.12404795896134,108256500,162.8571420288086,156.76649391174317,6.568886582071619,0.04100834727917113
2022-05-05,154.27027893066406,161.46371729012728,152.47929194392455,161.23738888499025,130525300,162.7921942138672,156.82545639038085,6.868143576352536,-0.055716273769940594
2022-05-06,154.9995574951172,157.1282427342657,151.9444991405495,153.74796732614354,116124600,162.68928344726564,156.88120590209962,7.00204634314937,0.004727278446037486
2022-05-09,149.85523986816406,153.5705818622736,149.29351226682695,152.68362217522588,131577900,162.44195892333985,156.90261070251464,7.348530911110812,-0.03318924073131746
2022-05-10,152.26968383789062,154.46736088090017,150.71259117184084,153.26504901265346,115366700,162.23760986328125,156.9339808654785,7.436168100802546,0.016111842147466415
2022-05-11,144.37582397460938,153.19605048636845,143.69582622018945,151.27432750923234,142689800,161.91317169189452,156.93675857543946,7.7725458204946545,-0.05184130986759794
2022-05-12,140.4929656982422,144.08018734631574,136.78748878802156,140.69992744454566,182602000,161.44494750976563,156.92889221191408,8.327557415131638,-0.02689410297010697
2022-05-13,144.97702026367188,145.95267144882655,141.03501714594583,142.49355408899086,113990900,161.07289916992187,156.9402124786377,8.552770064071412,0.03191657705525808
2022-05-16,143.4297637939453,145.38106598701418,142.08948225415682,143.43962842487466,86643800,160.73012969970702,156.94271850585938,8.782898260072141,-0.010672425650027462
2022-05-17,147.0761260986328,147.5984402531948,144.5532317399834,146.7016310302499,78336300,160.5364535522461,156.9651222229004,8.470507483499292,0.02542263340770723
2022-05-18,138.77821350097656,145.2233813560545,137.87153963890293,144.72078142086878,109742900,160.2134259033203,156.93702125549316,8.743967794430487,-0.05641916752751208
2022-05-19,135.3585205078125,139.6060259100609,134.61939501913687,137.8518359532745,136095600,159.71356170654298,156.8938306427002,9.287991219733192,-0.024641425385836913
2022-05-20,135.59506225585938,138.65997058931683,130.6872720917309,137.07331357352277,137426100,159.305615234375,156.85128379821776,9.635435427467492,0.0017475201942180885
2022-05-23,141.03500366210938,141.18282274987226,135.65416330433425,135.79213279876197,117726300,159.08105865478515,156.83937156677246,9.645502886125662,0.04011902288879199
2022-05-24,138.3248748779297,139.91153156082976,135.3388090457555,138.76834717267448,104132700,158.88318939208983,156.81415382385254,9.885730078557215,-0.01921600109057031
2022-05-25,138.48255920410156,139.73413423560646,136.33415991086508,136.42285136269513,92482700,158.6004995727539,156.79212882995606,9.966005905387615,0.0011399563983776062
2022-05-26,141.69528198242188,142.2471599393567,135.1515582804655,135.3979334424933,90601500,158.29349884033203,156.78489181518555,9.696424494878404,0.023199475780811163
2022-05-27,147.47030639648438,147.50971980321964,143.15380903801713,143.28192892561134,90978500,158.08172729492188,156.79166221618652,9.47703319256832,0.04075664576311677
2022-05-31,146.6819305419922,148.47554915584195,144.71092900811684,146.90860654542266,103718400,157.7880596923828,156.79346000671387,9.243097120660039,-0.00534599726383278
2022-06-01,146.55380249023438,149.53986813880326,145.53872302627965,147.72653558588104,74286600,157.46427581787108,156.78470573425292,8.849679228156687,-0.0008735094451264303
2022-06-02,149.01754760742188,149.07667523553576,144.73061411862278,145.68655087325112,72348100,157.12206359863282,156.79283340454103,8.390199423846438,0.016811198858874166
2022-06-03,143.2720947265625,145.82453789756687,142.3654358987846,144.770044944171,88570300,156.63758575439454,156.7910269165039,7.98293795711026,-0.03855554579381104
2022-06-06,144.0210723876953,146.4158469197131,142.79904610031343,144.89816741340283,71598400,156.09211822509766,156.79129707336426,7.756052000143543,0.005227659039691135
2022-06-07,146.55380249023438,146.83959105092737,142.0106440716535,142.25701922442352,67808200,155.58451293945313,156.79691963195802,7.400372522985833,0.017585830049377194
2022-06-08,145.81466674804688,147.69696135392218,145.32191647725907,146.4256722718094,53950200,155.04480560302736,156.79138793945313,7.29273077475229,-0.005043442951517818
2022-06-09,140.5718231201172,145.80482957531117,140.46341743862806,144.9474487547002,69473000,154.3341128540039,156.7600839996338,7.27134006391925,-0.03595553002215335
2022-06-10,135.14169311523438,138.71904983013044,135.0727008597942,138.24601378405768,91437900,153.53823852539062,156.70781204223633,7.05262492453324,-0.03862886519045017
2022-06-13,129.9678497314453,133.23970455320375,129.53422697538784,130.94348589502584,122207100,152.70107940673827,156.63369438171387,7.404238237452784,-0.03828458312548566
2022-06-14,130.83506774902344,131.94868835400084,129.57362805380447,131.19971323419813,84784300,151.88716888427734,156.5587116241455,7.575618829125412,0.00667255801623301
2022-06-15,133.46630859375,135.34861791937007,130.2437331939143,132.34283876753688,91533000,151.044599609375,156.47470603942872,7.429779949349357,0.020111128384738386
2022-06-16,128.17422485351562,130.47044340040713,127.16900988024103,130.16494057459525,108123900,150.16271118164062,156.3705697631836,6.939598973052615,-0.03965108345314794
2022-06-17,129.6524658203125,131.15043105016284,127.92783964673345,128.18407944512376,134520300,149.37395782470702,156.27048812866212,6.929022349157829,0.011533059540530077
2022-06-21,133.89999389648438,135.07274229839362,131.38697879244958,131.48551985360913,81000500,148.66405395507812,156.18605018615722,6.569314646321414,0.03276087384299031
2022-06-22,133.38754272460938,135.76258828513818,131.9684191301138,132.83564963087838,73409200,147.98424682617187,156.09586059570313,6.470505949569624,-0.0038271187097377313
2022-06-23,136.26516723632812,136.58051959738074,133.6634463480769,134.8361944256016,72433800,147.44740875244142,156.00833190917967,6.090754828665197,0.021573412726103358
2022-06-24,139.6060028076172,139.85237792973814,137.7434074858847,137.87151232385762,89116800,146.93979614257813,155.94526016235352,6.025829129713527,0.024517164870865082
2022-06-27,139.6060028076172,141.40947050604774,138.92600506455636,140.6309166991209,70207900,146.37825775146484,155.88729148864746,6.023065783342752,0.0
2022-06-28,135.4471893310547,141.34047803244417,135.32893408463596,140.06918902081082,67083400,145.83411346435548,155.83355361938476,5.9748307839475014,-0.029789646526113267
2022-06-29,137.21124267578125,138.6303659287056,134.6883635761582,135.46691746181185,66242400,145.32957977294922,155.7857901763916,5.9297485117277455,0.013023919901467451
2022-06-30,134.7376708984375,136.36374120727302,131.8304465390549,135.2599851206719,98964500,144.72971740722656,155.73267578125,5.773638135743582,-0.01802747157671758
2022-07-01,136.91558837890625,137.02399404422195,133.69301230892643,134.06749230384347,71051600,144.17675903320313,155.68598556518555,5.781155822075528,0.01616413187155663
2022-07-05,139.50746154785156,139.5567395850138,134.9445889899598,135.77242091666662,73353800,143.69158020019532,155.65343238830567,5.753167469131907,0.018930446121097955
2022-07-06,140.84774780273438,142.03034554759492,139.03443025811183,139.30051963790794,74064300,143.32433044433594,155.64097633361817,5.7375143382840035,0.009607272901479114
2022-07-07,144.22802734375,144.42512446788226,141.20253310502923,141.21238269809453,66253700,143.00323455810548,155.66073104858398,5.809464744834972,0.023999528524587532
2022-07-08,144.9080352783203,145.41065032513728,142.89762020370028,143.1538450057202,64547800,142.8153988647461,155.68148147583008,5.909988544935653,0.004714811310215117
2022-07-11,142.76947021484375,144.51381052529135,141.6952781464939,143.5578737194986,63141600,142.58931915283202,155.67966438293456,5.945480665584216,-0.01475808473539153
2022-07-12,143.7451171875,146.29756011597522,142.94686411267188,143.64656111311933,77588800,142.2436065673828,155.6779168701172,5.985905064958614,0.006833722722288327
2022-07-13,143.38050842285156,144.3265807145126,140.0593606954875,140.91675656689353,71185600,142.00849151611328,155.67390480041504,5.839189756767415,-0.002536494955671098
2022-07-14,146.3172607421875,146.7902967726585,141.17294691848926,141.99091413969506,78140700,141.8260107421875,155.69218200683594,5.823449047879006,0.02048222838403535
2022-07-15,147.9926300048828,148.67262785570932,146.05119253188846,147.6082853549652,76259900,141.64712188720702,155.73581367492676,5.89167782577068,0.011450250327248446
2022-07-18,144.93760681152344,149.37236031781808,144.57296129769512,148.5543928665957,81420900,141.27841796875,155.75965599060058,5.702293094830491,-0.020643076572519736
2022-07-19,148.8105926513672,149.03725358197892,144.7798987508147,145.77524895701922,82982400,141.16922424316405,155.80938926696777,5.9270508778940325,0.026721745481006698
2022-07-20,150.82101440429688,151.49116267268522,148.18972944635095,148.9288549414216,64823400,141.08565338134767,155.86353202819825,6.236154264529153,0.013509937142980766
2022-07-21,153.09751892089844,153.3143302483906,149.73695838231532,152.25983742490192,65086600,141.15049896240234,155.94628036499023,6.594881191256865,0.015094080394520315
2022-07-22,151.85580444335938,154.01405345612082,151.1856711624816,153.13695840464973,66675400,141.1422213745117,156.0131534576416,6.873263761314557,-0.008110611369088416
2022-07-25,150.73233032226562,152.7920231935369,150.07204665223094,151.7769586670234,53623900,141.26935150146485,156.0700421142578,7.150378539583078,-0.0073982955423530505
2022-07-26,149.40191650390625,150.87030296581528,148.61351291334188,150.05233555639018,55138700,141.44753051757812,156.11394897460937,7.270313738698477,-0.008826333511297468
2022-07-27,154.51666259765625,155.04884144648923,149.9538041551516,150.3677126833835,78620700,141.63832336425781,156.18534317016602,7.3952524008701825,0.03423480912051269
2022-07-28,155.06854248046875,155.3543310693815,152.17116799178928,154.70389699283152,81378700,141.87109893798828,156.2599383544922,7.505035577169331,0.0035716528789488944
2022-07-29,160.15371704101562,161.257488076031,157.1873652790473,158.90214195015406,101786900,142.13265075683594,156.36633819580078,7.979102126548822,0.032793076398376364
2022-08-01,159.168212890625,161.2180561543135,158.55720726769144,158.6754625398599,67829400,142.5404507446289,156.4707546234131,7.96410639520276,-0.0061534890890995175
2022-08-02,157.68994140625,160.05515180598763,157.31546141372255,157.77864788642987,59907000,142.98707916259767,156.5537953186035,7.82996046695996,-0.009287479312159008
2022-08-03,163.72122192382812,164.17454378554137,158.4192238049961,158.5079152513036,82507500,143.54960235595703,156.66169303894043,8.224440749042882,0.03824771868003918
2022-08-04,163.40585327148438,164.76584892141557,162.04585762155315,163.60295038541236,55474100,143.99701934814453,156.75962310791016,8.431775912344213,-0.0019262539616915486
2022-08-05,163.17889404296875,163.6723288419394,160.85974446443265,161.06699370571175,56697000,144.49409973144532,156.84557441711425,8.653893110561834,-0.0013889296128123396
2022-08-08,162.70518493652344,165.60658394853183,162.04398411639912,164.18548932563507,60276900,144.97855224609376,156.92670364379882,8.893978948789568,-0.0029030047618816557
2022-08-09,162.75453186035156,163.6427235312398,161.10646144310655,161.86635524789833,63135500,145.39973724365234,157.00699996948242,9.062765092764346,0.0003032904197084463
2022-08-10,167.01783752441406,167.11651546175995,164.7085509256537,165.4783081057615,70170500,145.79068786621093,157.11248924255372,9.186695435504143,0.02619469710201705
2022-08-11,166.27767944335938,168.74485366768013,165.9816155247536,167.82705702584587,57149200,146.1826028442383,157.2145233154297,9.245431963413717,-0.004431610970573652
2022-08-12,169.8402557373047,169.9093287754835,167.17569590306383,167.59019436587388,68039400,146.6483319091797,157.33103340148926,9.24740879268844,0.02142546315218974
2022-08-15,170.9159393310547,171.1133102288565,169.10010297778325,169.2678689938365,54091700,147.08629974365235,157.4552279663086,9.30934919488703,0.006333501966776289
2022-08-16,170.75807189941406,171.42915116082955,169.40606515854284,170.51135446153611,56377100,147.63601928710938,157.5603798675537,9.380805397893544,-0.0009236554077899362
2022-08-17,172.25808715820312,173.83706944158646,170.3040896179902,170.50146052110878,79542000,148.20075958251954,157.68662384033203,9.495047992608347,0.008784447154408292
2022-08-18,171.86331176757812,172.60346386831435,170.846837420575,171.468570003892,62290100,148.7069497680664,157.81501571655272,9.644824266603292,-0.002291766947710494
2022-08-19,169.26785278320312,171.45870417338608,169.06060357237703,170.75802023609415,70346300,149.17601348876954,157.92522888183595,9.616898677669518,-0.015101879264871831
2022-08-22,165.36973571777344,167.62966033417896,164.94537398602955,167.4618943197239,69026800,149.67197174072265,158.0087385559082,9.276922833676247,-0.023029281705501226
2022-08-23,165.0342254638672,166.4948035482237,164.46183919704166,164.88620102349742,54147100,150.2698223876953,158.09317123413086,8.911030056610242,-0.002028849187246995
2022-08-24,165.3302459716797,165.90263208814247,164.0670542175665,165.12301180960134,53841500,150.9770703125,158.17643058776855,8.449987922170012,0.0017936916235432587
2022-08-25,167.7974090576172,167.9059652979528,166.13947563259975,166.56382226218187,51218200,151.71631713867188,158.27615348815917,8.154737912555515,0.014922636033337211
2022-08-26,161.4716033935547,168.80405254539968,161.4123936253421,168.3303593412636,78961000,152.27642303466797,158.34242904663085,7.79232001841873,-0.03769906638957932
2022-08-29,159.26100158691406,160.7610323552504,157.72148760663381,159.03401076431982,73314000,152.89815856933595,158.41185333251954,7.177757816480607,-0.013690344061628723
2022-08-30,156.82345581054688,160.42552392043874,155.64907854678992,160.00117720950024,77906200,153.44157836914061,158.4693354034424,6.823809270543844,-0.01530535254757226
2022-08-31,155.1556396484375,158.47152210531658,155.07668827346,158.20506309707196,87991100,153.8666912841797,158.50806060791015,6.623681979692644,-0.010634991771410807
2022-09-01,155.88592529296875,156.3398768664933,152.6391159459931,154.58325022090398,74229900,154.31665893554688,158.55038818359375,6.51215959266219,0.004706794069400111
2022-09-02,153.76417541503906,158.25443584987636,152.9352084278672,157.6524446919078,76957800,154.66663909912108,158.57719314575195,6.416695923794671,-0.013610913711049388
2022-09-06,152.50094604492188,155.0273296121399,151.6719792603848,154.4154753271388,73714800,154.92453796386718,158.58544593811035,6.314832134419831,-0.008215368545420265
2022-09-07,153.91220092773438,154.61286996329966,151.59305117128892,152.78717010211398,87449600,155.21066192626952,158.57923187255858,6.0456470089895324,0.009254072970778848
2022-09-08,152.43190002441406,154.30694642534044,150.6752581099915,152.6095293418246,84923800,155.55035614013673,158.5524465942383,6.150798679899165,-0.009617826880504055
2022-09-09,155.3036651611328,155.74776853082003,152.71807161072002,153.42861893209738,68028800,155.91220458984375,158.53771041870118,6.1413306727559,0.018839659784197327
2022-09-12,161.28408813476562,162.10319169268726,157.20832701154205,157.49451256385936,104956000,156.44313293457031,158.55095993041994,6.130739839969127,0.038507931975899634
2022-09-13,151.8200225830078,158.4320461932663,151.35619264515168,157.80045022276116,122656600,156.74122161865233,158.51428451538087,6.405164423123359,-0.0586794745917516
2022-09-14,153.27072143554688,155.037226524522,151.5930460586156,152.75754500619573,87965400,157.01648681640626,158.51007156372071,6.560448206727392,0.00955538556678781
2022-09-15,150.36932373046875,153.2016498653033,149.39233241450626,152.61938532747467,90481100,157.20691833496093,158.47449668884278,6.885397522059079,-0.018929888747853396
2022-09-16,148.7212371826172,149.36271142090462,146.4218293394224,149.22455028716234,162278800,157.29678253173827,158.4058164215088,7.2618890640502824,-0.010960257763782288
2022-09-19,152.4516143798828,152.530565756339,147.142266074514,147.34950026158054,81474200,157.44765411376954,158.35839248657226,7.417325019035358,0.025083016171288497
2022-09-20,154.83982849121094,156.00434240653766,151.06999458899193,151.3857850189289,107689800,157.68906127929688,158.3278727722168,7.483469859826847,0.01566539076048823
2022-09-21,151.7016143798828,156.6557045846627,151.58319483232563,155.27407794326896,101696800,157.84819122314454,158.29109687805175,7.6370344170090645,-0.020267486356110642
2022-09-22,150.73446655273438,152.44174672656402,148.92849339656019,150.37919289810281,86652500,157.99527038574217,158.2323844909668,7.706014063074219,-0.006375329828241405
2022-09-23,148.45477294921875,149.4811256708757,146.60933178685332,149.20480341314504,96029900,158.03802062988282,158.13347763061523,7.854827795326813,-0.015123904012477984
2022-09-26,148.79034423828125,151.7509532458143,147.67517669341092,147.69491830315658,93339400,158.0539749145508,158.01708374023437,7.788659375063576,0.002260427754500638
2022-09-27,149.76730346679688,152.68844368705126,147.98107215786084,150.73444637733243,84442700,158.15056884765625,157.90813011169433,7.556490138314759,0.006566012287404055
2022-09-28,147.87252807617188,148.6620267188795,142.93818038229188,145.7014181025515,146691400,158.13180755615235,157.76567306518555,7.3284924918492615,-0.01265146228025038
2022-09-29,140.6091766357422,144.79350916804302,138.83280834097133,144.18165483368003,128138200,157.92757080078124,157.6051301574707,7.302015927874839,-0.049119004962762225
2022-09-30,136.3853759765625,141.2210460611346,136.18800506786133,139.42493615755308,124925300,157.59332794189453,157.4303971862793,7.469811538955224,-0.03003929587129106
2022-10-03,140.57955932617188,141.19142866488522,135.88206585827712,136.39524222216883,114311700,157.36780303955078,157.25221229553222,7.355606859438531,0.030752441891791493
2022-10-04,144.181640625,144.30006014683647,142.36578929238382,143.12568302717952,87830100,157.23678924560548,157.12663261413573,7.201115411502311,0.025623080027378675
2022-10-05,144.47769165039062,145.44483462169993,141.13220458118386,142.17829892107557,79471000,157.13830474853515,157.0080368041992,6.979672457283933,0.0020533198547838527
2022-10-06,143.52044677734375,145.60274235287363,143.31321258240413,143.895462065149,68402200,156.9183804321289,156.89148529052736,6.694725791973803,-0.006625554866721117
2022-10-07,138.25054931640625,141.2210362492612,137.61895341738395,140.66837666148692,85925600,156.58202056884767,156.73266288757324,6.375893269449314,-0.036718792194907035
2022-10-10,138.5762176513672,140.02691706572585,136.7505180551927,138.5762176513672,74899000,156.1504705810547,156.56244667053224,6.385906209295992,0.00235563863269439
2022-10-11,137.1551055908203,139.49399631870364,136.40509026460117,138.06302363574838,77033700,155.7102084350586,156.3819799041748,6.52135636028201,-0.010255093439785923
2022-10-12,136.5235595703125,138.5170407104307,136.34593024080016,137.30319511678357,70433700,155.28688079833984,156.17845367431642,6.729965679821044,-0.004604611820954951
2022-10-13,141.11248779296875,141.7046005106399,132.6056617056489,133.21753108987443,113224000,154.83470611572267,156.00298263549806,6.725762633957078,0.0336127203033616
2022-10-14,136.56301879882812,142.62239748423457,136.37551116721934,142.41514824444727,88598000,154.29784942626952,155.804321975708,6.852864083608844,-0.03224001692051037
2022-10-17,140.54010009765625,141.02365655306738,138.4281998048671,139.21769847828358,85250900,153.84507354736328,155.63134521484375,6.841208035166359,0.029122681482948165
2022-10-18,141.8625030517578,144.77376532008952,138.76373315265158,143.57966155321216,99136600,153.42821990966797,155.46807632446288,6.808833780796821,0.009409435123375332
2022-10-19,141.97108459472656,143.04676902151695,139.64207135355937,139.82957901773042,61758300,153.01255096435546,155.28353225708008,6.702870282051175,0.0007653998811028018
2022-10-20,141.50723266601562,143.97440668910568,140.77694373414428,141.14209572929755,64522000,152.5023388671875,155.10802017211915,6.638061070818934,-0.0032672281826616745
2022-10-21,145.33631896972656,145.90870525801128,140.77697027571736,140.9940828353577,86548600,152.08351165771484,154.9751424407959,6.382206352753184,0.027059297475969357
2022-10-24,147.48765563964844,148.2574127069579,144.08295860217441,145.25733581108966,75981900,151.6364596557617,154.86737030029298,5.645888679791508,0.014802471159118813
2022-10-25,150.3397216796875,150.48776116501867,147.39885428402872,148.1192649256449,74732300,151.22493530273437,154.7730233001709,5.589034628844156,0.019337659329316415
2022-10-26,147.3889617919922,149.99429659795183,146.09615013348827,148.97782224560154,88194300,150.75755310058594,154.66382423400879,5.380872943682966,-0.01962728049997442
2022-10-27,142.89869689941406,147.09289198935082,142.23749618636535,146.12576416144415,109180200,150.17036529541016,154.5179721069336,5.276638788194306,-0.0304654082502811
2022-10-28,153.69508361816406,155.43196876876547,145.87907785280416,146.25407807739884,164762400,149.80700073242187,154.42389083862304,5.492343875056368,0.075552730381786
2022-10-31,151.3265838623047,152.2147755550462,149.92523080942135,151.1489545588176,97943200,149.4481753540039,154.3343798828125,5.439904864062089,-0.015410380736339047
2022-11-01,148.6719207763672,153.40889855498966,147.17188960891258,153.04376156873835,80379300,149.1142190551758,154.22727111816405,5.1434016699020475,-0.017542608959923656
2022-11-02,143.1256866455078,150.1719344831505,143.09608176430027,146.9942133937789,93604600,148.6760482788086,154.10850006103516,4.95119542228359,-0.037305189183652554
2022-11-03,137.05645751953125,140.92498461939732,136.92815965034873,140.1946956802254,97918500,148.11057250976563,153.97692596435547,4.938486957980755,-0.04240489089151944
2022-11-04,136.78955078125,141.03023754059535,132.83552430474884,140.456901891493,140814800,147.49041534423827,153.85246932983398,4.996601189827459,-0.0019474218370426621
2022-11-07,137.32333374023438,137.55068603269024,134.11068732115655,135.5341392248018,83374600,147.00744995117188,153.74100105285643,4.988480155879349,0.003902220278784174
2022-11-08,137.89669799804688,139.80450887367877,135.90980476875018,138.79624280214017,89908500,146.58016387939452,153.6362816619873,4.883438141284059,0.004175286473143025
2022-11-09,133.31991577148438,136.95762887030236,133.04313505654818,136.90820051047422,74917800,146.1100930786133,153.51772018432618,5.038079772642556,-0.03318993342848087
2022-11-10,145.18197631835938,145.18197631835938,137.8966866598679,139.61669377296678,118854000,145.91061981201173,153.4589112854004,5.067319815540642,0.08897440774870446
2022-11-11,147.97943115234375,148.285865777023,142.7106893014463,144.14403590087628,93979700,145.7524899291992,153.41639923095704,5.063715434914253,0.01926860967817401
2022-11-14,146.57574462890625,148.55275765609238,145.7355080589872,147.25781653663145,73374100,145.60872131347656,153.31227394104005,5.106669259344518,-0.009485686710015928
2022-11-15,148.31553649902344,151.82473825025608,146.85255082741247,150.47048891741846,89868300,145.5250131225586,153.19498031616212,5.205054193294809,0.011869575518936637
2022-11-16,147.0798797607422,148.14746862169088,145.5971199677711,147.4159834438759,64218300,145.38836669921875,153.07234382629395,5.256114993657566,-0.008331269720278978
2022-11-17,148.9877166748047,149.7389762643868,144.47023425105218,144.74701489370946,80389400,145.31948303222657,152.9532022857666,5.373781016343992,0.012971433734960902
2022-11-18,149.5511932373047,150.94499150219465,148.2463720514419,150.55947443780138,74829600,145.20443359375,152.85132522583007,5.423195086288289,0.003782033680869823
2022-11-21,146.3088836669922,148.64176028052393,146.02222333634097,148.43418230260116,58724100,144.90492950439454,152.73466354370117,5.369287004720222,-0.02168026546714119
2022-11-22,148.4539031982422,148.6911501950918,145.24125698087363,146.42747688170903,51804100,144.83760711669922,152.63231872558595,5.2928260167009435,0.014660897393846462
2022-11-23,149.33370971679688,150.08496935516192,147.62358231947215,147.73231865639212,58301400,144.7588668823242,152.51877571105956,5.181158181020973,0.005926462690440726
2022-11-25,146.40773010253906,147.16888449613631,145.42910302505686,146.6054284287757,35195900,144.67963500976563,152.38346839904784,5.153093723648734,-0.019593564104225192
2022-11-28,142.56243896484375,144.95462339373816,141.73209694821898,143.47186332830165,69246000,144.55645904541015,152.2494030761719,4.9407707421671265,-0.02626426306180829
2022-11-29,139.5474853515625,143.14564904140522,138.73691772229893,142.6316213475949,83763800,144.29837646484376,152.11738525390626,4.9737898742905085,-0.021148302702823085
2022-11-30,146.32862854003906,147.01070049689147,138.93460350915308,139.77482505617792,111380900,144.1281524658203,152.01809257507324,4.949321288496346,0.04859380426234705
2022-12-01,146.6054229736328,147.41600568948158,144.92496463802757,146.5065813559001,71250400,144.0262286376953,151.90094551086426,4.925133503373233,0.0018915945318109806
2022-12-02,146.1112060546875,146.2990247836351,143.97602747836532,144.28247729494325,65447400,143.93376342773436,151.7825080871582,4.880437943068628,-0.003371068470190197
2022-12-05,144.94473266601562,149.18541949197922,144.09461635687657,146.07162962618466,68826400,143.8635626220703,151.67629592895508,4.880767720345095,-0.007983462871665514
2022-12-06,141.2674560546875,145.60699863369098,140.28882926918882,145.37964638052253,64727200,143.71310485839842,151.55947128295898,4.914575549698436,-0.025370198307249847
2022-12-07,139.3201446533203,141.72220883121116,138.3909458890047,140.55577809875786,69721100,143.5041616821289,151.44757263183592,4.917069463141556,-0.013784571873463491
2022-12-08,141.0104522705078,141.87046321930262,139.47827919618652,140.72379200985142,62128300,143.36692016601563,151.3650365447998,4.933704820664377,0.01213254279482423
2022-12-09,140.52609252929688,143.89690343111556,139.2805646427551,140.70401646542416,76097000,143.36525848388672,151.2669415283203,4.97850644067951,-0.0034349208403484655
2022-12-12,142.82931518554688,142.8391948209038,139.43872991493555,141.0598800348259,70462700,143.4941372680664,151.16998077392577,4.663235164868377,0.01638999999782831
2022-12-13,143.79808044433594,148.24636089095367,142.58222134561697,147.7817615043003,93886200,143.55850769042968,151.07653549194336,4.454640292208078,0.006782678034481737
2022-12-14,141.56405639648438,144.97440162134333,139.53761456960953,143.67946020964052,82291200,143.50615600585937,150.98136711120605,4.37341716480675,-0.015535840540766843
2022-12-15,134.93116760253906,140.17025624774567,134.46656823635524,139.48818419596876,98931900,143.31522552490233,150.8365020751953,4.647303581792739,-0.04685432844173598
2022-12-16,132.96405029296875,136.06796118297987,132.19301616053025,135.11900305847902,160156900,143.10409759521485,150.68342514038085,4.889536422007221,-0.014578672552250982
2022-12-19,130.84861755371094,133.6460931216457,129.81069766078807,133.5571311451233,79592600,142.95605895996093,150.534827041626,5.261246408898029,-0.01590980971621081
2022-12-20,130.7794189453125,131.71849714656037,128.39711455138564,129.87987436917055,77432800,142.80012298583983,150.40492446899415,5.62477364758725,-0.000528844780267046
2022-12-21,133.8932342529297,135.23760401600552,131.2242690848365,131.45162141055363,85928000,142.73488555908204,150.29974266052247,5.788054882181953,0.023809673821224786
2022-12-22,130.710205078125,133.01342694162034,128.80239484896603,132.80584903157887,77852100,142.61861846923827,150.1515350341797,5.94935249936726,-0.023772890337325214
2022-12-23,130.34449768066406,130.8980590346716,128.150011539123,129.4152989435447,63814900,142.4032586669922,150.0232955932617,6.322905561393707,-0.0027978488538240587
2022-12-27,128.5355224609375,129.89966650674359,127.24058112280677,129.87001251300126,69007800,142.24270874023438,149.9046590423584,6.675163148242292,-0.013878416441930996
2022-12-28,124.59138488769531,129.52403118980348,124.4233405593597,128.17966147970347,85438400,141.92373443603515,149.7865242767334,7.262363125795119,-0.030685195016349143
2022-12-29,128.12034606933594,128.9803420184741,126.26195630324504,126.51896259932623,75703700,141.64889129638672,149.66404075622557,7.457331031523879,0.02832427928160186
2022-12-30,128.4366455078125,128.45641986166103,125.9653867378923,126.93412645040064,77034200,141.37820251464845,149.52099739074708,7.617077494493779,0.0024687682181672166
2023-01-03,123.63251495361328,129.39550245721088,122.74285754273936,128.78263321771394,112117500,141.0207081604004,149.34886554718017,7.908533890066731,-0.03740467165896977
2023-01-04,124.90769958496094,127.18126787275598,123.64241229292817,125.4316068972832,89113600,140.61213577270507,149.16657749176025,7.997763820247318,0.010314314416608905
2023-01-05,123.5831069946289,126.30150047855705,123.32610067708713,125.66885678017948,80962700,140.13404479980468,148.9707780456543,8.222808277250412,-0.010604571173221
2023-01-06,128.13021850585938,128.79251610668766,123.45458659001618,124.56171667837158,87754700,139.68985473632813,148.7807883453369,8.07362810475774,0.03679395689111531
2023-01-09,128.6541290283203,131.87667022454877,128.39712274020837,128.9704583829939,70790800,139.31515808105468,148.58657905578613,7.793214087538079,0.004088891196552424
2023-01-10,129.2274627685547,129.7513700565325,126.64745995571087,128.76286346285156,63896200,139.0417333984375,148.3762441253662,7.594992904496195,0.0044563959552994525
2023-01-11,131.95574951171875,131.97550878336855,128.96057576470602,129.7414893304502,69458900,138.60694671630858,148.1763525390625,7.4746590825369,0.021112282828382956
2023-01-12,131.8766632080078,132.71688473025435,129.92930408672314,132.34126249583184,71379600,138.21794830322267,147.97173568725586,7.430769074630461,-0.0005993395816672464
2023-01-13,133.211181640625,133.36934636135254,130.1468193644734,130.5125620831651,57809700,137.9087335205078,147.75725929260253,7.079072017544369,0.010119443426561903
2023-01-17,134.37759399414062,135.7120688975574,132.5883994032112,133.28035102906594,63646600,137.73377166748048,147.55447021484375,6.662696536043508,0.008756114457886488
2023-01-18,133.65599060058594,137.01690717262807,133.47805156045354,135.24748690824802,69672800,137.66576232910157,147.36362113952637,6.223520011454858,-0.005369968103359213
2023-01-19,133.7152862548828,134.6840184578663,132.23252641864943,132.5389610381249,58280400,137.60427703857422,147.17454460144043,5.809720402798291,0.00044364382045603
2023-01-20,136.28541564941406,136.43370070636414,132.67737218152695,133.72518688361293,80223600,137.58351867675782,146.97799781799316,5.625041035703484,0.01922090934040388
2023-01-23,139.4882049560547,141.6728117743155,136.31509126831105,136.5325639862707,81760300,137.61534881591797,146.81409561157227,5.63209809394626,0.02350060196374648
2023-01-24,140.89186096191406,141.514625019409,138.6874952095744,138.69737484670043,66435100,137.76678771972655,146.67310424804688,5.625995478705687,0.01006290106250618
2023-01-25,140.22955322265625,140.79299416676852,137.21460493959157,139.27070057060922,65799300,137.6677392578125,146.5272760772705,5.611738944099001,-0.004700823274928934
2023-01-26,142.305419921875,142.59208020551668,140.26908361074402,141.52449124388164,54105100,137.55425903320312,146.40191368103027,5.5793337850963685,0.014803346737635836
2023-01-27,144.2527618408203,145.5378234459024,141.43552706245464,141.51460940098116,70555800,137.50779937744142,146.3076421356201,5.611547015515663,0.013684242806875524
2023-01-30,141.35643005371094,143.87712465526727,141.208160111495,143.29390943800163,64015300,137.36861724853514,146.18949111938477,5.600145812992727,-0.02007817216217611
2023-01-31,142.63160705566406,142.68103540109175,140.64471427014323,141.05988522159177,65874500,137.2796517944336,146.0642345428467,5.8833241731020935,0.009021004573110725
2023-02-01,143.75852966308594,144.9249754734958,139.69578139358237,142.31531825228282,77663600,137.17506805419922,145.9697551727295,6.215284506520051,0.007900931852938387
2023-02-02,149.08657836914062,149.44242627870938,146.46702672863907,147.18863235095503,118339000,137.16577575683593,145.90299842834472,6.843045543828977,0.03706248748190144
2023-02-03,152.7242889404297,155.57119313377925,146.13095089780094,146.32864922602454,154357300,137.2940838623047,145.84296592712403,7.6405326190412035,0.02439998698126966
2023-02-06,149.98609924316406,151.34036351523568,149.0470210083263,150.8164562342184,69858300,137.32472778320312,145.77007888793946,8.145728920566375,-0.017928973290775363
2023-02-07,152.87255859375,153.4458943027817,148.9086520667493,148.9086520667493,83322600,137.3955047607422,145.715609664917,8.725523933381972,0.019244845790050702
2023-02-08,150.17393493652344,152.80336635897712,149.43255491704016,152.11141469080906,64120100,137.47082885742188,145.6704281616211,9.046244772262112,-0.017652766997888758
2023-02-09,149.13601684570312,152.55625702775345,148.69119180013038,152.01257526831264,56007100,137.60230041503905,145.61469413757325,9.207404626545822,-0.006911439666670738
2023-02-10,149.50230407714844,149.8290111554016,147.73018216274517,147.9677914305051,57450700,137.80139678955078,145.59070655822754,9.162809743498494,0.0024560615148001563
2023-02-13,152.31393432617188,152.71982931648995,149.4131802253171,149.4428794903052,62199000,137.92110290527344,145.58190895080565,9.331968369517993,0.01880660145259383
2023-02-14,151.67044067382812,152.23475701699866,149.35380697400552,150.60122163396125,61707600,138.02240325927735,145.535107421875,9.410704635758384,-0.004224785179310908
2023-02-15,153.77920532226562,153.94750624944314,151.35366885602363,151.58136833321117,65573800,138.1757632446289,145.52832214355467,9.264152525165692,0.013903596765914683
2023-02-16,152.17535400390625,154.76919088525318,151.8189476677602,151.97733873436857,68167900,138.32037567138673,145.51199241638184,9.013352957906843,-0.010429572158331069
2023-02-17,151.0269317626953,151.47243590583543,149.34390771836374,150.8289315997935,59144100,138.51556518554688,145.4824417114258,8.518260497850662,-0.007546703266952504
2023-02-21,146.99757385253906,149.78942626925934,146.92828058675818,148.7004026088836,58867200,138.66911376953124,145.4005655670166,8.119484216896518,-0.0266797309799518
2023-02-22,147.42327880859375,148.4528887502369,145.69075089528818,147.3836697109664,51011300,138.79737030029298,145.36633056640625,7.68950341264775,0.0028959998787581043
2023-02-23,147.9084014892578,148.83901905408,145.7699781624684,148.5915150254123,48394200,138.94501647949218,145.33087478637697,7.227761317232925,0.0032906789523650115
2023-02-24,145.2452392578125,145.720442659753,144.26511807901926,145.64123957502227,55469600,138.9933349609375,145.3078247833252,6.84704283697347,-0.01800548315464512
2023-02-27,146.44314575195312,147.68066559008122,145.97783708430148,146.23525087875586,44998500,139.04623626708985,145.2786920928955,6.411250537808247,0.008247475099781632
2023-02-28,145.93826293945312,147.59158785522064,145.36405184371336,145.58185657335414,50547000,139.13372039794922,145.28650428771974,6.00172502715115,-0.003447637032839901
2023-03-01,143.8592071533203,145.76003585720164,143.5621993638043,145.36403554214274,55479000,139.31228118896485,145.3033354949951,5.6296662988417125,-0.014246132194922545
2023-03-02,144.45326232910156,145.24527828276618,142.46332016838264,142.9385388044501,52238100,139.5420654296875,145.30071670532226,5.144504956410018,0.0041294206157282964
2023-03-03,149.5220947265625,149.60129780845313,145.85903905116976,146.56194185497878,70732300,139.91553497314453,145.33117835998536,4.5962237715134595,0.0350897744760712
2023-03-06,152.29417419433594,154.73951510110595,151.92787308169673,152.25456509183923,87558000,140.345830078125,145.35726860046387,4.252056737576172,0.018539597594876334
2023-03-07,150.08644104003906,152.49217281957698,149.62113228238874,152.16546570634722,56182000,140.6696942138672,145.4138097381592,4.012910413184028,-0.01449650432116778
2023-03-08,151.34373474121094,151.93775035888638,150.31412479121082,151.28433620073233,47204800,141.0823648071289,145.49373580932618,3.854912754773833,0.008377130488665951
2023-03-09,149.0865020751953,152.99706215582498,148.73009571987657,152.02685072996366,53833600,141.45720489501954,145.56119300842286,3.5663305236201395,-0.014914609249437105
2023-03-10,147.01736450195312,149.43300577006005,146.13625093512175,148.7102983763868,68572400,141.82684173583985,145.59110481262206,3.3921901146472466,-0.013878772017862251
2023-03-13,148.9676971435547,151.6110378452132,146.2253488070177,146.33425116280637,84457100,142.31436798095703,145.6443189239502,3.29803514237646,0.013266001932551674
2023-03-14,151.06651306152344,151.86842347309556,148.60138329357108,149.7695947310606,73695900,142.77329132080078,145.70723869323731,3.025183115038306,0.014089067349589257
2023-03-15,151.46255493164062,151.71995365613,148.42319852737018,149.68052309089944,77167900,143.23380950927734,145.7560750579834,2.8112892112183343,0.002621639052169611
2023-03-16,154.29400634765625,154.8979167381579,150.12603215969472,150.64084473187137,76161100,143.8470393371582,145.79019355773926,2.759986421345097,0.01869406875708357
2023-03-17,153.45249938964844,155.17513288563387,152.73968657106462,154.5217186175242,98944600,144.41793533325196,145.82404640197754,2.846005021079226,-0.005453918644848232
2023-03-20,155.82852172851562,156.24434176719376,152.61096953502098,153.52179760346752,73641400,145.06284362792968,145.87041999816896,3.0099303234016253,0.015483764346085671
2023-03-21,157.6897430419922,157.80854012474336,154.97709383642948,155.7493201936468,73938300,145.65403411865233,145.9137809753418,3.333654395877209,0.011944034974028517
2023-03-22,156.25421142578125,160.52117754091816,156.2344068779623,157.70953600837723,75701800,146.20603576660156,145.97869155883788,3.484365981846912,-0.009103519281077554
2023-03-23,157.34323120117188,159.9370833205621,156.10571123599644,157.24423866782476,67622100,146.7683511352539,146.04530235290528,3.7194640933020486,0.006969538711651957
2023-03-24,158.65005493164062,158.73915274100096,156.27402271003157,157.27393337455686,59196500,147.30223724365234,146.1057836151123,3.998461711984782,0.008305560528357958
2023-03-27,156.69972229003906,159.1648674270664,156.29381212775743,158.34315238139064,52390300,147.79869842529297,146.16020889282225,4.133433707543951,-0.012293299504005373
2023-03-28,156.0760040283203,156.9076288835252,154.42267925169685,156.3928163743877,45992200,148.2559948730469,146.23772979736327,4.230297174318651,-0.003980340568595864
2023-03-29,159.16490173339844,159.44210504874283,157.75908060373825,157.77887005022876,51305700,148.75174102783203,146.3578458404541,4.477086182192229,0.019790984042092896
2023-03-30,160.73899841308594,160.84790077737682,159.659884598305,159.9172833200629,49501700,149.29340118408203,146.5117015838623,4.775783883858574,0.009889722310287397
2023-03-31,163.25363159179688,163.35263923391068,160.29349343380431,160.8182007028279,68749800,149.8841680908203,146.67379440307616,5.227394710900094,0.015644200869340708
2023-04-03,164.5109405517578,164.62973762588464,162.5804125649775,162.62991638134497,56976200,150.44867858886718,146.8290175628662,5.700364807088468,0.007701568091941446
2023-04-04,163.97634887695312,165.17425973324032,163.46153634610226,164.9366655701128,46278300,150.93844146728514,147.0080281829834,5.977929640671329,-0.003249581292354864
2023-04-05,162.12501525878906,163.40214436262949,160.18459235196994,163.09524181864398,51511700,151.36310455322266,147.17039093017578,6.106088938183264,-0.011290247836615142
2023-04-06,163.01600646972656,163.31301423323083,160.3825607965336,160.80826034261725,45390100,151.81883361816406,147.315970993042,6.251000211438289,0.005495704715988925
2023-04-10,160.4122772216797,160.4122772216797,158.48174921205518,159.80836691031573,47716900,152.18097076416015,147.45109466552734,6.13109690557191,-0.015972230607491977
2023-04-11,159.19456481933594,160.7389872555695,158.90745173956898,160.72909253457362,47644200,152.47980682373046,147.5657416534424,5.993684030898788,-0.007591142170876086
2023-04-12,158.50157165527344,160.44199460478865,158.18475927615913,159.61038476928212,50133100,152.8227096557617,147.66021949768066,5.7791197780119266,-0.004353120754147288
2023-04-13,163.9070281982422,164.1446374499689,159.8083630212289,160.01627300479524,68445600,153.2482180786133,147.7817246246338,5.560163787892282,0.03410348860593726
2023-04-14,163.560546875,164.65946521821587,162.18442526560762,162.94672669437054,49386500,153.64425842285155,147.9222914123535,5.277525621399758,-0.002113889361858967
2023-04-17,163.580322265625,163.73872843453088,162.39230621171848,163.4417206444433,41516200,153.93413330078124,148.05413681030274,5.246849524252804,0.00012090562793298787
2023-04-18,164.80796813964844,165.73858561594125,163.99614775175192,164.44166704612937,49923000,154.17580688476562,148.2044882965088,5.346566173815751,0.007504850565277499
2023-04-19,165.95635986328125,166.48106704923867,163.88721527965205,164.14462906581878,47720200,154.49521209716798,148.34969215393068,5.369166221450872,0.006968059473069443
2023-04-20,164.98614501953125,166.19396563576217,163.90703130539762,164.43173852810273,52456400,154.7374838256836,148.47708557128905,5.3580219437880166,-0.005846204656147491
2023-04-21,163.3724365234375,164.78815208279067,162.8477292777316,163.40213579346278,58337300,155.00145385742186,148.58970901489258,5.120323791664004,-0.009780872787243489
2023-04-24,163.67933654785156,163.94664508043508,162.25371118266517,163.35262947612597,41949600,155.29232025146484,148.68696556091308,4.659139617890182,0.0018785300075392364
2023-04-25,162.13490295410156,164.64953661232676,162.09529385976796,163.54072367407858,48714100,155.54497222900392,148.773099899292,4.228033264623117,-0.009435727357670953
2023-04-26,162.12501525878906,163.62984381357916,161.1746083552498,161.43200707778223,45498800,155.74119384765626,148.86987762451173,3.8919354943923357,-6.0984372472261406e-05
2023-04-27,166.7285919189453,166.87708827078586,163.54073931024718,163.54073931024718,64902300,156.0423568725586,148.98479499816895,3.680984060228833,0.028395227305347603
2023-04-28,167.9859161376953,168.1542321598927,166.2038993325892,166.80780972743617,55209200,156.3264910888672,149.10782203674316,3.6866744535337683,0.007541143389258931
2023-05-01,167.8968048095703,168.74821914844807,166.95629265889536,167.5899022757501,52472900,156.64092010498047,149.21571975708008,3.564426970925436,-0.0005304690427259118
2023-05-02,166.85728454589844,168.6492261368123,165.86726857821876,168.3918123170909,48425700,156.95752716064453,149.31004302978516,3.494807219083749,-0.006191423743000413
2023-05-03,165.7781524658203,169.21350870294293,165.49105451372273,167.80768799680482,65136000,157.33313873291016,149.41424575805664,3.4487161702888103,-0.00646739567298471
2023-05-04,164.134765625,165.37228577301735,162.66954599955264,163.24375716100636,81235400,157.66736846923828,149.4908666229248,3.2558423266504786,-0.009913168993478494
2023-05-05,171.8370819091797,172.55978934902075,169.0551242996228,169.27292902501793,113316400,158.14594207763673,149.59594696044923,3.499034599985407,0.04692678150695517
2023-05-08,171.7677764892578,172.11428813282294,170.3916548495959,170.7579559365768,55962800,158.67639282226563,149.689298248291,3.724708939294575,-0.00040332051238223254
2023-05-09,170.05502319335938,171.80734033421783,169.88672231518646,171.32224224608487,45326900,159.14863037109376,149.780294342041,3.6660411972067037,-0.00997133065878364
2023-05-10,171.8271484375,172.2924570953219,170.18371850163723,171.2925465255573,53724500,159.6664080810547,149.8857684326172,3.60905234173617,0.010420893254800445
2023-05-11,172.01527404785156,172.84688383352895,170.4510470092042,172.11428168700377,49514700,160.2295294189453,149.9988352203369,3.7036003714584798,0.00109485382293939
2023-05-12,171.08338928222656,172.5605438773201,169.52690691086858,172.12433187191172,45497800,160.7621319580078,150.08166885375977,3.771804941888451,-0.005417453599880662
2023-05-15,170.5876922607422,171.71787100649163,169.99285497252012,171.6682987112497,37266700,161.1834439086914,150.15926460266112,3.8664651973831123,-0.0028974000548156464
2023-05-16,170.5876922607422,171.64846676768477,170.3200139683082,170.5083796138232,42110300,161.54931427001952,150.21143447875977,3.9646473805895535,0.0
2023-05-17,171.20233154296875,171.4402543357864,168.9518826544196,170.23077817517168,57951600,161.97163208007814,150.2716050720215,4.067206724258579,0.003603069330975428
2023-05-18,173.54200744628906,173.73037308197308,171.0932844370763,171.50966446616422,65496700,162.41559753417968,150.35086540222167,4.217970994397333,0.013666145094134441
2023-05-19,173.65106201171875,174.8704617599002,173.43295602393476,174.8704617599002,55772400,162.90688873291015,150.40051460266113,4.364861076803352,0.0006284044251558818
2023-05-22,172.6993408203125,173.20495707678998,171.95580173946098,172.48123481307542,43570900,163.42052825927735,150.44698204040526,4.321855688855547,-0.0054806528700758195
2023-05-23,170.08206176757812,171.88639029719062,169.80447509030535,171.6385439691014,50747300,163.8428155517578,150.48149787902832,4.076472012283024,-0.015155118950092361
2023-05-24,170.35963439941406,170.93463964845503,169.05101376120967,169.61609547644804,45143500,164.22867797851563,150.51977012634276,3.7273602591951813,0.0016319923979710715
2023-05-25,171.49977111816406,172.40192036340346,170.21096703266915,170.92476575302507,56058300,164.6294223022461,150.56349632263183,3.700375015736174,0.006692528560356736
2023-05-26,173.91871643066406,174.2557989304357,171.61871039409903,171.82690796374212,54835000,165.02191650390625,150.59800071716307,3.7344140970250734,0.014104656214575018
2023-05-30,175.7726287841797,177.44807247659148,175.04892170114425,175.43556138959772,55964400,165.46831909179687,150.6454754638672,3.8360725302084946,0.010659648320568982
2023-05-31,175.72303771972656,177.80495282122013,175.2372534954211,175.80235035598085,99625300,165.8662094116211,150.6748893737793,3.9443537155323525,-0.00028213189275339
2023-06-01,178.53855895996094,178.56829930609416,175.4057780636658,176.1691489115404,68901800,166.28318572998046,150.71300247192383,4.231910998699005,0.016022493560150286
2023-06-02,179.3911590576172,180.21401063542314,177.7157155545107,179.47047169338217,61945900,166.7459246826172,150.75616790771485,4.482808140029815,0.004775439561195638
2023-06-05,178.03298950195312,183.35672418608127,176.50624753561252,181.05671795588958,121946500,167.15971984863282,150.78504241943358,4.5087328883605835,-0.007570994929732566
2023-06-06,177.66616821289062,178.56831734898336,175.90148844243106,178.41961560329207,64848400,167.5400421142578,150.81405670166015,4.479018241873448,-0.0020604118938218896
2023-06-07,176.2881622314453,179.6489581922576,175.79246952260962,176.90281634965245,61944600,167.93181091308594,150.84915824890138,4.231701209937055,-0.00775615298796839
2023-06-08,179.0144500732422,179.28211321134853,175.93124119908015,176.36743802214428,50214900,168.39057983398436,150.9173818206787,4.039292538360462,0.015464951289341666
2023-06-09,179.40109252929688,180.6601409825454,179.0739335613958,179.93643394119178,48870700,168.79530364990234,150.98921615600585,4.107536101607176,0.0021598393643444957
2023-06-12,182.20669555664062,182.30584013644759,179.4109969086846,179.70841552076647,54274900,169.22465759277344,151.07359840393067,4.364458964167624,0.01563871762311364
2023-06-13,181.7308349609375,182.5635949733869,180.86833459999627,181.2252339092373,54929100,169.59420166015624,151.14326553344728,4.52220506034381,-0.002611652630268968
2023-06-14,182.3653106689453,182.8015225920405,180.45194442949565,181.7903054182597,57462900,169.9512890625,151.24773406982422,4.613260498538826,0.003491293638441695
2023-06-15,184.4075927734375,184.91320900884034,182.19680756750913,182.3752648056927,65433200,170.3599139404297,151.37346702575684,4.708414503032935,0.011198851892395334
2023-06-16,183.32699584960938,185.37917099504176,182.6826013571641,185.12140109619045,101235600,170.7839535522461,151.50598472595215,4.521711515165399,-0.005859828804097744
2023-06-20,183.41619873046875,184.4968202621219,182.82137659501507,182.82137659501507,49799100,171.19195739746092,151.6472875213623,4.701874511074438,0.00048657798839712996
2023-06-21,182.37525939941406,183.8127651610623,181.01705115534045,183.30714894064778,49515700,171.63121704101562,151.77973419189453,4.790962400978206,-0.005675285706822186
2023-06-22,185.38905334472656,185.43862563579464,182.0877384404729,182.15714267343606,51245300,172.15510681152344,151.93785858154297,4.940299443877473,0.016525234591782567
2023-06-23,185.0718231201172,185.94424713129428,183.41621128242684,183.9515678810459,53079300,172.68651184082032,152.10071296691893,5.088337430126912,-0.0017111594179161083
2023-06-26,183.67396545410156,186.43001547826037,183.63430156934749,185.22052415803645,48088700,173.0818505859375,152.24952178955078,5.135947360639086,-0.007553055038034495
2023-06-27,186.43992614746094,186.767085127622,184.07051577054278,184.28862175731683,50730800,173.5394381713867,152.41956192016602,5.245329754515174,0.015059078658867131
2023-06-28,187.6196746826172,188.26406909954764,185.9838949305078,186.31103877905792,51216800,174.02022521972657,152.58114196777345,5.3423387428319185,0.006327767659718653
2023-06-29,187.9567413330078,188.43261718372244,187.31234691859044,187.45114025988062,46347300,174.48320068359374,152.71450523376464,5.394728188512839,0.001796542132166179
2023-06-30,192.29904174804688,192.80464289432788,189.61238045543556,189.97920336768664,85069600,175.01005432128906,152.91690032958985,5.697332977182825,0.023102658538571408
2023-07-03,190.80203247070312,192.20979786240994,190.1080506189076,192.11065327577057,31458200,175.5263720703125,153.10455688476563,5.9115363532787475,-0.007784798425075623
2023-07-05,189.6817626953125,191.31754248795588,188.97787243386384,189.91970062749374,46920300,176.05255859375,153.30111907958985,6.006946931054145,-0.005871372337517666
2023-07-06,190.15762329101562,190.365820872437,187.57010689891024,188.204592923582,45094300,176.58212432861328,153.50830101013185,6.030201614310062,0.0025087314085514567
2023-07-07,189.037353515625,191.01021583133178,188.60115666342472,189.76107572138073,46778000,177.12017333984375,153.69122970581054,5.781946864613408,-0.005891269337523042
2023-07-10,186.98519897460938,188.35331565327752,185.42871665150543,187.62959342704087,59922200,177.61737701416016,153.85195655822753,5.400147862657535,-0.010855815016718395
2023-07-11,186.4597625732422,187.66925393721883,184.99251645839882,187.53046059023825,46638100,178.0120004272461,154.02574729919434,5.00938764834237,-0.002810042742680041
2023-07-12,188.13519287109375,190.04855924155865,186.84638895388292,188.0459566971953,60750200,178.41498596191406,154.21275093078614,4.770627506212773,0.008985479090661386
2023-07-13,188.8985595703125,189.5429691298021,188.14511214362412,188.8589108119984,41342300,178.8350210571289,154.4149698638916,4.623314688589943,0.004057543341940306
2023-07-14,189.04727172851562,189.53304086059518,187.99640569502964,188.59122781892412,41573900,179.27882080078126,154.61625450134278,4.428401036359693,0.0007872593551871976
2023-07-17,192.31883239746094,192.64599134916114,190.1576046603519,190.2468257033596,50520200,179.80963439941405,154.8290121459961,4.4999109973317415,0.017305516440583757
2023-07-18,192.0610809326172,192.65591819761897,190.76236853561463,191.6843647836334,48353800,180.3681607055664,155.04995491027833,4.550923630645946,-0.0013402299797196093
2023-07-19,193.4192657470703,196.52229125160747,190.99035981508428,191.43649527350667,80507300,180.79980438232423,155.31400535583495,4.558006545693268,0.007071629545444713
2023-07-20,191.4662628173828,194.77748634801802,190.84168518874347,193.40936968617578,59581200,181.1937741088867,155.58940979003907,4.389351540548724,-0.01009725128540917
2023-07-21,190.28652954101562,193.29042630506785,189.58263920125253,192.42792578687713,71917800,181.59840423583984,155.83794464111327,4.006719775867339,-0.006161572587293884
2023-07-24,191.08950805664062,193.2309038397432,190.59381542873754,191.74382595603396,45377800,181.98365142822266,156.0724839782715,3.7934461818370315,0.004219838984723889
2023-07-25,191.95204162597656,192.76498493762563,191.25807485221583,191.66454650804036,37283200,182.38238677978515,156.30985572814942,3.584197248533868,0.00451376728166708
2023-07-26,192.82444763183594,193.95462630849192,191.6546201978147,192.0015959886147,47471900,182.81720794677733,156.55637573242188,3.5502616540439553,0.00454491652430189
2023-07-27,191.5554656982422,195.50117489112708,190.89123937354253,194.33134751765755,47460200,183.23656341552734,156.82290031433106,3.3997592933292435,-0.006581022008249948
2023-07-28,194.1429901123047,194.9361013981904,192.46754649179775,192.99297950413737,48291400,183.7076693725586,157.10073417663574,3.3645999099157256,0.013507964414539941
2023-07-31,194.7576446533203,194.7973085377491,193.57789369266726,194.37100498050742,38824100,184.17877563476563,157.38874687194823,3.4346093934791884,0.003165988844923362
2023-08-01,193.92486572265625,195.0352123410956,193.59770678100793,194.54944325919743,35175100,184.58643280029298,157.67575340270997,3.3659382983074106,-0.004275975570286139
2023-08-02,190.92098999023438,193.4985827896997,190.1972829299724,193.3597894476311,50389300,184.93183135986328,157.9247959136963,3.1762248717735964,-0.01548989461061634
2023-08-03,189.5231475830078,190.71280705310875,189.04728682043563,189.91971082460205,61235200,185.2683074951172,158.1895965576172,2.8609086764497853,-0.007321575313945616
2023-08-04,180.4221954345703,185.76576098167885,180.35279121043274,183.92178393074198,115799700,185.47511016845704,158.38900703430176,3.2500097614965617,-0.04802026699377948
2023-08-07,177.3092803955078,181.5524085909385,175.82220233279125,180.56102321579414,97576100,185.6141030883789,158.5662409210205,3.8837197006055915,-0.017253503825095606
2023-08-08,178.25108337402344,178.71703568412062,176.05020675575068,178.14203038384454,67823000,185.7491293334961,158.74764091491699,4.271361115620899,0.005311639505923393
2023-08-09,176.6549530029297,179.3713391045639,175.48511045638642,179.31185840559957,60378500,185.80385406494142,158.92337951660156,4.8355843596525085,-0.008954393661353532
2023-08-10,176.4368438720703,179.1928938087059,176.07003615011226,177.93383023619305,54686900,185.81713836669923,159.07888214111327,5.349293388586455,-0.001234661848715679
2023-08-11,176.49639892578125,177.32036168980022,175.26543082107975,176.02983256684112,51988100,185.83260559082032,159.22392585754395,5.789803864691595,0.00033754318204715084
2023-08-14,178.15428161621094,178.38260392804418,176.01991561712387,176.67511718788185,43675600,185.82492004394533,159.36299865722657,6.019567831293043,0.009393294710374533
2023-08-15,176.15887451171875,178.174103062697,175.76179096239193,177.57847773870674,43622600,185.76027435302734,159.5068482208252,6.350046034179313,-0.01120044428003586
2023-08-16,175.28529357910156,177.24094603057796,175.2157956243564,175.84121662599503,46964900,185.70532043457033,159.66878120422362,6.697116857112665,-0.0049590515098294485
2023-08-17,172.73399353027344,176.218449670705,172.21777275650916,175.85114660071363,66062900,185.60667694091796,159.76397575378417,7.137332870063502,-0.014555128937139172
2023-08-18,173.22042846679688,173.82599075554495,170.70883778094841,171.04636032936088,61114200,185.545322265625,159.87344497680664,7.497429174534382,0.0028160926901639183
2023-08-21,174.56057739257812,174.84847582356457,172.47586616641206,173.7961908502,46311900,185.45624481201173,160.0028882598877,7.762270119626209,0.007736667884054693
2023-08-22,175.9404754638672,176.38719824747957,174.96761015656983,175.77171419662545,42084200,185.38703247070313,160.1669622039795,7.942739869086264,0.007904981135492761
2023-08-23,179.80218505859375,180.2290643006026,177.032491470534,177.2211114741355,52722800,185.3389422607422,160.3806908416748,7.972495974470715,0.02194895509146022
2023-08-24,175.0966796875,179.78233860000068,174.72936147404116,179.355459364837,54945800,185.20625915527344,160.57222648620606,8.116038893393258,-0.0261704571029564
2023-08-25,177.31045532226562,177.84651968096887,174.54076169805765,176.08940889849805,51449600,185.10516204833985,160.7721620941162,8.156793084343267,0.012643161701961558
2023-08-28,178.8789520263672,179.27603559399373,177.25088516267095,178.77967356057698,43820700,184.99458923339844,160.97707336425782,8.041185322126406,0.008846047466579465
2023-08-29,182.78033447265625,183.55465796575328,178.19395452927148,178.3924962958512,53003900,184.9836560058594,161.22437545776367,7.87141177277109,0.021810181701612308
2023-08-30,186.28466796875,186.48322490340712,183.39585240180426,183.59439418869403,60813900,185.041025390625,161.4298889160156,7.6518894454767805,0.019172377084242687
2023-08-31,186.50306701660156,187.7439721096439,186.11590523348306,186.47328650618994,60794500,185.12358154296874,161.6225070953369,7.510571489870243,0.0011723941118342296
2023-09-01,188.08151245117188,188.53815704908098,186.91009015003394,188.11129296200212,45732600,185.17743072509765,161.83003593444823,7.443671310127284,0.008463375213179747
2023-09-05,188.31976318359375,188.59772472633045,186.24497340110617,186.91009674606673,45280000,185.2423895263672,162.0300570678711,7.350938284454987,0.0012667418999181557
2023-09-06,181.5791473388672,187.4759302206488,180.1496223799182,187.02919231015284,81755800,185.2004931640625,162.2025534057617,7.1305017991952795,-0.03579345964955949
2023-09-07,176.26809692382812,176.9133767073295,172.27734161590178,173.90540860928058,112488800,184.99705657958984,162.33895530700684,6.91161781445312,-0.029249230943503957
2023-09-08,176.88357543945312,178.9285998393183,176.4964136407334,177.05235186894313,65551300,184.78233459472656,162.4756172180176,6.697065773898085,0.0034917181632190264
2023-09-11,178.0549774169922,178.98814040153138,176.0496706936909,178.7598181226865,58953100,184.58429931640626,162.63434768676757,6.244597257947957,0.0066224462877846335
2023-09-12,175.0172576904297,178.81939272059032,173.5480302988034,178.18404991763566,90370200,184.2386636352539,162.76716445922852,5.71369853285766,-0.017060571799958013
2023-09-13,172.9424591064453,176.00997270905043,172.71412167424248,175.22571224634177,84267900,183.88147216796875,162.88520820617677,5.198061912042912,-0.01185482284069539
2023-09-14,174.4613494873047,174.81873079113439,172.31706166432645,172.73400399416633,60895800,183.5770639038086,163.0254763031006,4.768711286511567,0.008782634343857065
2023-09-15,173.73663330078125,175.2157976120051,172.55530438661506,175.1959388893145,109205100,183.24864410400392,163.18134727478028,4.382543828554738,-0.00415402144173016
2023-09-18,176.6750946044922,178.0748391046168,174.88818834345716,175.1959303652364,67257600,183.00139892578125,163.36698532104492,4.368066279105749,0.016913308655082115
2023-09-19,177.76712036132812,178.3230434602776,175.84123309156146,176.22839490317045,51826900,182.81703735351562,163.52417778015138,4.366383899085758,0.006180983003182039
2023-09-20,174.21315002441406,178.3925098170354,174.1237933470795,177.95570880879336,58436200,182.57210510253907,163.66221641540528,4.420634329460457,-0.019992281641792342
2023-09-21,172.66448974609375,175.01725608596104,172.59500693822505,173.27998896827123,63047900,182.26269104003907,163.7949828338623,4.517633140096566,-0.00888945684125042
2023-09-22,173.51824951171875,175.7915963241489,172.7836433268308,173.3991274596328,56725400,181.95508483886718,163.93785041809082,4.577769854297949,0.0049446169671625295
2023-09-25,174.79885864257812,175.6823824720043,172.88289328236814,172.93253251615403,46172700,181.67011657714843,164.10550743103028,4.602896332035377,0.007380256165925081
2023-09-26,170.70884704589844,173.92526351342306,170.4110267791137,173.54803864674588,64588900,181.23791687011717,164.26245094299315,4.769128634835126,-0.02339838845883302
2023-09-27,169.18994140625,171.78095161168793,167.81999260813018,171.36400935593267,66921800,180.78049407958986,164.40334838867187,4.99318229978907,-0.008897638675048003
2023-09-28,169.4480743408203,170.77832096236608,166.40040416763804,168.1078907839796,56294400,180.30107025146484,164.54795829772948,5.177055784945608,0.0015256990600316378
2023-09-29,169.9642791748047,171.81074638236362,169.10059901226265,170.7683831744606,51814200,179.87103057861327,164.68363311767578,5.277896380065813,0.003046389497151303
2023-10-02,172.48580932617188,173.03181060107437,169.6863201427267,169.97421860938772,52164500,179.5150161743164,164.82707176208496,5.296854248620814,0.014835647605540903
2023-10-03,171.14561462402344,172.36667607241205,169.5771240058018,171.0066338674304,49594600,179.11613830566407,164.97497955322265,5.3825934619714895,-0.007769883837887903
2023-10-04,172.39645385742188,172.9424550881848,169.72602386786275,169.84514590084152,53020300,178.72502655029297,165.16230598449707,5.438080533151087,0.007308625676131442
2023-10-05,173.6373748779297,174.17343922355133,171.42358924241523,172.52551359241795,48527900,178.34128509521486,165.36567260742189,5.428039606984212,0.0071980658113426355
2023-10-06,176.1986083984375,176.69497045530053,171.91995474415313,172.53545399514545,57224100,178.03414794921875,165.59242256164552,5.422919104596296,0.014750473636844674
2023-10-09,177.68768310546875,177.74724412480685,174.52089096334598,175.52353680032698,42390800,177.70504180908202,165.82696388244628,5.425546563042751,0.008451115026198108
2023-10-10,177.09205627441406,178.4123811800482,176.65525523522464,176.8041729428218,43698000,177.3517300415039,166.0429579925537,5.407281596920544,-0.0033520997102604033
2023-10-11,178.49180603027344,178.54144526755815,176.3078159196626,176.90344132377368,47551100,177.04306884765626,166.28186599731444,5.286771116298895,0.007904079862794067
2023-10-12,179.3951873779297,181.01331743803624,177.73732472140046,178.759844529376,56743100,176.81255279541017,166.5271194458008,4.97432810547392,0.005061192262814762
2023-10-13,177.54872131347656,180.60629838312414,176.84388049788197,180.10001451689263,51427100,176.57306427001953,166.77218544006348,4.573475550020609,-0.010292729094026343
2023-10-16,177.41966247558594,177.77704377786506,175.22573542452864,175.4639946753042,52517000,176.51301361083983,167.03632682800293,3.9479530292129006,-0.0007268925224347411
2023-10-17,175.86106872558594,177.12183257732815,173.5281761730158,175.36470667426025,57549400,176.4840493774414,167.27503044128417,3.0973862856722456,-0.00878478590395515
2023-10-18,174.56057739257812,176.2879225352004,173.83589314356078,174.30247461631913,54764400,176.4102392578125,167.505650100708,2.829647152704418,-0.007394992777151277
2023-10-19,174.18338012695312,176.54605322348112,173.91534037415258,174.75914678442408,59302900,176.36080780029297,167.7584044265747,2.8147193133214636,-0.0021608387830701625
2023-10-20,171.6221466064453,174.14365914589465,171.38388737014972,174.03445888939677,64189300,176.26451385498046,167.99197666168212,2.831710087884101,-0.014704235953172273
2023-10-23,171.74127197265625,172.7439178760632,168.69360166729962,169.66648220683237,55980100,176.16941131591796,168.23276748657227,2.7872456610309557,0.0006941141837837339
2023-10-24,172.1780548095703,172.40637709061713,170.2025285754243,171.79089305137515,43816600,176.04988677978517,168.4530066680908,2.807339906471437,0.0025432607543725005
2023-10-25,169.85511779785156,171.8008487599163,169.4083797866938,170.62944146713008,57157000,175.9238116455078,168.65901161193847,2.906983526394726,-0.013491481328952948
2023-10-26,165.67572021484375,170.13305676328346,164.4645956319317,169.1303957533013,70625300,175.73162017822267,168.84125289916992,3.27978496096222,-0.024605661796907485
2023-10-27,166.9960479736328,167.73066925493364,165.6161620916175,165.69558183671225,58499100,175.61686126708983,169.0164543914795,3.5025445940211424,0.00796934974585839
2023-10-30,169.0509796142578,169.92458166587582,167.64131321590813,167.7902309189435,51131000,175.53347229003907,169.20232597351074,3.5409084987017905,0.012305271086112457
2023-10-31,169.52749633789062,169.6565401685357,166.67836791176023,168.11782995408234,44846000,175.4328106689453,169.38390754699708,3.4977360362447105,0.0028187752873134464
2023-11-01,172.70420837402344,172.9623111800798,168.88221462983017,169.75581666227828,56934900,175.36808532714844,169.5755406188965,3.4901618217280665,0.01873862414508376
2023-11-02,176.2780303955078,176.4864939793014,174.18338188289627,174.2429429068373,77334800,175.29760223388672,169.7886508178711,3.5428212072517793,0.020693311732998376
2023-11-03,175.36468505859375,175.53346146527645,172.08870804185926,172.97223177840408,79763700,175.3029623413086,169.99689781188965,3.5672737401429306,-0.005181277183916921
2023-11-06,177.92593383789062,178.1244756256995,174.92791800211177,175.09667927913767,63841300,175.3152719116211,170.20510040283204,3.6628237964229804,0.014605271172135392
2023-11-07,180.49710083007812,181.1125849169399,177.66783112206795,177.87629469765844,70530000,175.3476348876953,170.41014488220216,3.862738626950194,0.01445077137844386
2023-11-08,181.55929565429688,182.1152186825965,180.26875139702054,181.02323134779837,49340300,175.32321411132813,170.61348205566406,4.038825465680604,0.00588483038970633
2023-11-09,181.0828094482422,182.78035920210118,180.4871689201494,181.62881074103257,53763500,175.21917694091798,170.817748336792,4.148761686029284,-0.0026244109635782387
2023-11-10,185.2875518798828,185.4565506612299,182.43468499907056,182.87206148972973,66133400,175.19486663818358,171.03265899658203,4.518559706584702,0.02321999777037065
2023-11-13,183.69711303710938,184.91976812620925,183.11063780884533,184.7110299042217,43627500,175.10717864990235,171.22988075256347,4.772888006810759,-0.008583624893508612
2023-11-14,186.3213348388672,186.98733436699092,185.1881391216873,186.57977766288278,60108400,175.0672100830078,171.45470527648925,5.117694542510509,0.014285590874951293
2023-11-15,186.887939453125,188.36905250310778,186.65931635404164,186.72890587030213,53790500,175.17338592529296,171.67598693847657,5.46455823720641,0.0030410077018170334
2023-11-16,188.5778045654297,189.82034448090351,187.52411797622008,188.43864070160558,54412900,175.419580078125,171.90008331298827,5.886440578012463,0.009042130365659817
2023-11-17,188.55792236328125,189.24380683321974,187.44461143684416,189.11457782649978,50922700,175.65306701660157,172.09744003295899,6.269522623631379,-0.00010543235559590247
2023-11-20,190.30740356445312,190.76466491067268,188.7467813740569,188.75671623264228,46505100,175.8981155395508,172.2853556060791,6.716303175642189,0.009278216365798064
2023-11-21,189.5022430419922,190.37699597796984,188.60762038854105,190.26765186097265,38134500,176.18781524658203,172.48293632507324,7.060999983496287,-0.00423084182422917
2023-11-22,190.16822814941406,191.77855487032625,189.69109711501824,190.3471617671388,39617700,176.5323306274414,172.66941467285156,7.405024737035847,0.003514391685982776
2023-11-24,188.83624267578125,189.76068506922263,188.1205384889839,189.73086532541635,24048300,176.81982849121093,172.86272621154785,7.647850563027866,-0.007004248220613851
2023-11-27,188.65731811523438,189.53207108953595,187.77263028176083,188.78654712309,40552600,177.1182421875,173.0603327178955,7.85825877683892,-0.0009475117594563987
2023-11-28,189.263671875,189.9396214691522,188.26963995303524,188.64737693705334,38415400,177.37001373291017,173.25913955688478,8.069281091987833,0.0032140484441491868
2023-11-29,188.2398223876953,190.9435904601538,187.84221568139642,189.76069003248776,43014200,177.5794677734375,173.43876899719237,8.196287857482432,-0.00540964611518735
2023-11-30,188.81637573242188,189.1841778871875,187.06688486941184,188.70703160550096,48794400,177.87153228759766,173.62449867248534,8.292521806275122,0.0030628659622251586
2023-12-01,190.09866333007812,190.41674564636727,188.10064953196948,189.19409067360718,45679300,178.22021575927735,173.8060959625244,8.395367687902485,0.0067911884903109065
2023-12-04,188.29946899414062,188.91577913023963,186.33128993843854,188.84618961175903,43389500,178.51584014892578,173.9867165374756,8.315544641534379,-0.009464529126191001
2023-12-05,192.26564025878906,193.23978723319652,189.04497157673757,189.07480648679842,66628400,178.86517578125,174.19291007995605,8.337886224226432,0.021063103819861873
2023-12-06,191.17222595214844,193.5976510937421,190.9634725753497,193.28950362567244,41089700,179.274443359375,174.4137833404541,8.280809910115162,-0.005686997974099217
2023-12-07,193.11058044433594,193.8362194805571,192.43463086867496,192.4744006383907,47477700,179.7528561401367,174.6422198486328,8.122359629084555,0.010139310156239256
2023-12-08,194.54197692871094,194.82030462884575,192.5141434931892,193.0409791518531,53377300,180.25473419189453,174.87538772583008,7.634255519819442,0.00741231516720342
2023-12-11,192.02708435058594,192.33524699521988,190.27759358324766,191.9575100014726,60943700,180.69599029541016,175.10929695129394,7.0022167558233015,-0.012927249007275043
2023-12-12,193.5479736328125,193.5579084922386,190.5758125501861,191.92769665062553,52696900,181.11723358154296,175.34482109069825,6.450084303751167,0.007920181089922984
2023-12-13,196.778564453125,196.8183190559037,193.68712459255818,193.925682544677,70404200,181.629892578125,175.5990225982666,5.933273608718834,0.016691421561671138
2023-12-14,196.9276580810547,198.42864077264184,194.98929893159502,196.83819885132337,66831600,182.12051666259765,175.86436485290528,5.555152803521999,0.0007576720988082819
2023-12-15,196.39089965820312,197.2159328291742,195.82429416614897,196.3511298862745,128256700,182.57558715820312,176.12405303955077,5.322990985746206,-0.002725662957057229
2023-12-18,194.7209014892578,195.45649052996882,193.2298536912898,194.9197048287757,55751900,182.94603302001954,176.35004707336427,4.827147893356189,-0.008503439680004332
2023-12-19,195.7646484375,195.77458329630363,194.72091188963017,194.98930475456203,40714100,183.30757232666016,176.56739944458008,4.485301621045526,0.005360220398834548
2023-12-20,193.66725158691406,196.50023361616374,193.66725158691406,195.72488988877126,52242800,183.63907623291016,176.78530349731446,4.184899264664589,-0.010713869267645393
2023-12-21,193.5181121826172,195.90379770975298,192.34516188676014,194.9296507492267,46482500,183.93960235595702,176.99617538452148,3.8960866050849914,-0.000770080656769867
2023-12-22,192.444580078125,194.24377537319003,191.81833513340536,194.01513711760236,37122800,184.20059020996095,177.21296577453614,3.471352780390491,-0.0055474502742106635
2023-12-26,191.89785766601562,192.73284080582573,191.67916943877162,192.45451309255571,28919300,184.48757293701172,177.43736824035645,3.305597619080212,-0.0028409343193112058
2023-12-27,191.99728393554688,192.34520121931277,189.9495803442342,191.34123431157244,48087700,184.77912536621093,177.65251617431642,2.9912366520298215,0.0005181207895728068
2023-12-28,192.42471313476562,193.4982694967864,192.01715638138543,192.98136861854135,34049900,185.11039825439454,177.8593071746826,2.834277932260721,0.0022262252384894765
2023-12-29,191.38096618652344,193.23980104114617,190.58573760932344,192.7427850763616,42628800,185.44680603027345,178.05889923095702,2.689120488942671,-0.0054241834701928004
2024-01-02,184.53208923339844,187.31538170646215,182.79253333369908,186.03307200647276,82488700,185.65378021240235,178.21008964538575,2.9453541484545256,-0.03578661498892188
2024-01-03,183.150390625,184.77066759112085,182.3352771284137,183.1205708792931,58414500,185.88434509277343,178.3585791015625,3.287463728540084,-0.007487579066266625
2024-01-04,180.82435607910156,181.99730650228184,179.80050438167336,181.06291404030495,71983600,186.06600677490235,178.48355827331542,3.817461752266466,-0.012700134233734617
2024-01-05,180.0987091064453,181.66928147459845,179.09474225448028,180.90388776119542,62303300,186.22441986083984,178.5956031036377,4.312687975051995,-0.004012993539093901
2024-01-08,184.4525604248047,184.49233019548157,180.41679326133186,181.0032684531674,59144500,186.5163687133789,178.73659484863282,4.467418415992079,0.02417480580488829
2024-01-09,184.03506469726562,184.04499955584959,181.63944418662982,182.82234457021028,42841800,186.88355560302733,178.87005401611327,4.618507907503128,-0.002263431456725473
2024-01-10,185.0788116455078,185.2875498615879,182.82235486658107,183.24979649333252,46792900,187.24521087646485,179.00219779968262,4.713027079805189,0.005671456958265653
2024-01-11,184.4823760986328,185.93366934185158,182.524132048394,185.42670336710847,49128400,187.55383880615236,179.1411110687256,4.831512289820007,-0.0032226030714817
2024-01-12,184.81039428710938,185.62550766060176,184.08475530494994,184.94955813530052,40444700,187.85949676513673,179.28478302001952,4.9198140791684875,0.0017780462037262357
2024-01-16,182.53407287597656,183.16030262539027,179.85017475552078,181.07284484780743,65603000,188.05609405517578,179.40162887573243,5.106860367014122,-0.012317063766426828
2024-01-17,181.58973693847656,181.83824490899738,179.22395137316974,180.18816351220838,47317400,188.16232818603515,179.50588256835937,5.326947069922951,-0.0051734776013113715
2024-01-18,187.5042266845703,188.01117745137466,184.72093456060279,184.97937737290508,78005800,188.4051190185547,179.62713554382324,5.335693562194861,0.0325706168520834
2024-01-19,190.416748046875,190.80441988057507,187.69311035236996,188.2000611602168,68741000,188.65493530273437,179.75666458129882,5.31434679974133,0.015533097113614946
2024-01-22,192.73284912109375,194.16425751836653,191.11257223144145,191.15234200232317,60133900,188.8996502685547,179.90044708251952,5.338585494480625,0.012163326482440562
2024-01-23,194.01513671875,194.58174217570732,192.6732027698961,193.8561031440579,42355600,189.14876708984374,180.05989768981934,5.361721035747672,0.006653186540352518
2024-01-24,193.33920288085938,195.20798769039715,193.18015413797895,194.25371040083746,53631300,189.3938949584961,180.211513671875,5.3279577970966,-0.0034839232099218576
2024-01-25,193.01116943359375,195.0986424607324,191.95749806154728,194.0549059471631,54822100,189.54836730957032,180.37450813293458,5.346606938064042,-0.0016966732166976417
2024-01-26,191.27162170410156,193.59765277461963,190.79449062577763,193.11058683739938,44594000,189.69985748291015,180.5348934173584,5.304668021405573,-0.009012679082754826
2024-01-29,190.58572387695312,191.05292006360537,188.448561449459,190.8640515837601,47145600,189.78514526367186,180.6953141784668,5.130355494050476,-0.003585988454730238
2024-01-30,186.9177703857422,190.6553404086777,186.35118003362723,189.80047228297695,55859400,189.78574188232423,180.8103678894043,4.9405090829690534,-0.019245688588821364
2024-01-31,183.2994842529297,185.98338263365994,183.24979478995033,185.92372797618197,55467800,189.68017547607423,180.90906257629393,4.841096619703604,-0.019357635848883947
2024-02-01,185.74481201171875,185.83427124755644,182.72296153753896,182.8919451500293,64885400,189.62391326904296,181.01988502502442,4.722480891911387,0.01334061450721169
2024-02-02,184.74082946777344,186.21199239128737,178.1802130458578,178.78657309445222,102518000,189.51258178710938,181.11954933166504,4.543138677755015,-0.005405171391177133
2024-02-05,186.5598907470703,188.12052803558694,184.73087577921018,187.02708693103884,69668800,189.45373474121095,181.222566986084,4.414617616901316,0.009846557929492183
2024-02-06,188.1702423095703,188.180177168222,185.65534280788862,185.74480203892318,43490800,189.41377502441406,181.33848747253418,4.275110531571181,0.008631820891679576
2024-02-07,188.2795867919922,189.9097985097057,187.48435823433906,189.5022417883465,53439000,189.40264190673827,181.46302322387695,4.174370221969481,0.0005810933816090547
2024-02-08,187.19610595703125,188.40881099372643,186.23189374257132,188.25971226684047,40962000,189.37341766357423,181.58060707092284,4.0842197322759475,-0.005754637841636767
2024-02-09,187.9624786376953,189.0971204380579,187.11646725876852,187.76340641648085,45155200,189.34739379882814,181.70974494934083,3.9850931841227006,0.0040939563178732374
2024-02-12,186.27044677734375,187.78330749959082,185.91213805857674,187.53448242231033,41781900,189.3080062866211,181.8304721069336,3.8545042732805492,-0.00900196609778181
2024-02-13,184.1703643798828,185.33487911795885,182.64755610649428,184.89694454758455,56529500,189.21508605957033,181.9176809692383,3.785318282032849,-0.0112743724718245
2024-02-14,183.2845458984375,184.65806518525375,181.58259087415234,184.44906062504626,54630500,189.0788037109375,181.994174118042,3.8154675074202595,-0.004809777536293303
2024-02-15,182.9959259033203,183.62296999377594,180.4977274519665,182.68738521978767,65434500,188.9727328491211,182.06966972351074,3.8203158657414975,-0.0015747099336848036
2024-02-16,181.4532012939453,183.98127264473297,180.816209688257,182.5579852711476,49701400,188.7564840698242,182.14264930725096,3.789440835133653,-0.008430376806257689
2024-02-20,180.7067108154297,181.57261717237213,179.1540448566047,180.93562562036504,53665600,188.54717376708984,182.21729209899902,3.755125752362929,-0.0041139559577477725
2024-02-21,181.4631805419922,182.03049388623003,179.81097819372195,181.08496152111414,41529700,188.31422576904296,182.303934173584,3.852130371625963,0.004186173956401307
2024-02-22,183.50352478027344,184.09076354210745,181.60251261136847,182.6177080564135,52292200,188.0934567260742,182.36226638793946,3.86499995034395,0.011243847000736773
2024-02-23,181.66221618652344,184.17036202409395,181.37357059288817,184.1405042298665,45119700,187.88615936279297,182.41173858642577,3.9566477404979383,-0.010034186514699228
2024-02-26,180.30862426757812,181.90109579673225,179.80101134340092,181.38355052297356,40867400,187.62137237548828,182.46300659179687,4.095728990283313,-0.0074511472300629045
2024-02-27,181.77169799804688,183.05562869813585,178.71611879819,180.24888975946536,54318900,187.32123504638673,182.51272933959962,4.168632476924441,0.008114274824134515
2024-02-28,180.56739807128906,182.25940572629614,179.28346722817705,181.65227187035535,48953900,186.9940298461914,182.5554899597168,4.241717756637614,-0.0066253434391680965
2024-02-29,179.90054321289062,181.71199718953457,178.6862755375109,180.41810366151438,136682600,186.66422271728516,182.59957572937012,4.3135678643958615,-0.00369310775655729
2024-03-01,178.81565856933594,179.68156498512658,176.54637506189474,178.70617492699984,73488000,186.3461178588867,182.6407155609131,4.496445461569943,-0.006030468970129044
2024-03-04,174.27708435058594,176.0686126971914,172.97322823226915,175.32213749041347,81510100,185.91636657714844,182.6591625213623,4.863663995784002,-0.025381301923232624
2024-03-05,169.3204803466797,171.23145507958293,168.82283020205665,169.9574719243141,95132400,185.42943115234374,182.64975326538087,5.450563098265474,-0.028440939452115566
2024-03-06,168.32518005371094,170.43522699407845,167.88724549652,170.256065044738,68587700,184.92557250976563,182.62366912841796,5.886151124613527,-0.0058782038116764745
2024-03-07,168.2057647705078,169.92763018116116,167.6981670423948,168.35505375316498,71765100,184.44079620361327,182.5964426422119,6.2208524870837465,-0.0007094320835718815
2024-03-08,169.92762756347656,172.8836708711805,168.14604658720506,168.20576217934803,76114600,184.0013916015625,182.58258407592774,6.327079601992923,0.010236645547303302
2024-03-11,171.93814086914062,173.56048535052068,171.2414336396481,172.12725037151972,60139500,183.60020874023436,182.59186447143554,6.326537084213101,0.011831585802096978
2024-03-12,172.41586303710938,173.2121062975323,170.20629520329734,172.3362371923594,59825400,183.20003173828124,182.60214561462402,6.274216939876787,0.0027784537250077346
2024-03-13,170.3257598876953,172.37607625258147,169.95748841772314,171.9580519129805,52488700,182.7789276123047,182.5962755584717,6.43391225699647,-0.012122452729098399
2024-03-14,172.18695068359375,173.49079163745046,171.24141844268888,172.0973773021251,72913500,182.53202484130858,182.58761672973634,6.5630688660211245,0.010927241992788606
2024-03-15,171.80873107910156,171.80873107910156,169.4896795825833,170.36554869703198,121664700,182.3051916503906,182.56779724121094,6.616981309418597,-0.0021965636942324895
2024-03-18,172.90357971191406,176.87483361469177,172.70452267737835,174.7448914522954,75604200,182.14677612304686,182.55369995117186,6.63326715520592,0.00637248541407609
2024-03-19,175.2524871826172,175.77999515234478,172.2168180823409,173.52065910891577,55215200,182.0498516845703,182.53726959228516,6.502339545450454,0.013585071371088997
2024-03-20,177.83030700683594,177.83030700683594,174.2671300256647,174.89417408943874,53423100,181.91740661621094,182.52946533203124,6.24156916336008,0.014709176832010451
2024-03-21,170.5646209716797,176.65586961417029,170.03711298613993,176.2179350177799,106181300,181.6479977416992,182.49212348937988,6.088013344154168,-0.04085741152590461
2024-03-22,171.47035217285156,172.23673773536032,169.26078406375387,170.95279171103329,71106600,181.3758285522461,182.4611444091797,5.9055186858580235,0.005310193849181966
2024-03-25,170.0470733642578,171.13194711675717,168.65364374159117,169.76839047714014,54288300,181.0871224975586,182.42993896484376,5.6652183695764196,-0.00830043672598868
2024-03-26,168.9124298095703,170.61438491064948,168.78303590364706,169.20106023000122,57388400,180.76916320800783,182.3794288635254,5.512612836959784,-0.0066725262142970365
2024-03-27,172.49551391601562,172.78415954350993,169.31055559917013,169.60914876354798,60273300,180.5683920288086,182.34490097045898,5.315539835682168,0.021212672806168564
2024-03-28,170.67408752441406,171.42056273337485,169.70864503919194,170.94282285202152,65672700,180.35007904052733,182.28723793029786,5.17447905936232,-0.010559268181828618
2024-04-01,169.23092651367188,170.4451942217802,168.68350825393796,170.38547862745995,46240500,179.98461303710937,182.22473838806152,5.056156473840392,-0.008455653882056047
2024-04-02,168.0465087890625,168.54415896803064,167.43937496323824,168.28538634231538,49329500,179.53720825195313,182.15314437866212,5.0227238384785355,-0.006998825504354156
2024-04-03,168.85269165039062,169.8778497555363,167.78772821512752,167.99673277562965,47691700,179.05960510253905,182.07536987304687,4.955928899750505,0.004797379410839575
2024-04-04,168.02662658691406,171.1120488206033,168.02662658691406,169.4897042530356,53704400,178.53983489990233,181.9988680267334,4.842249018977161,-0.004892223247390914
2024-04-05,168.78302001953125,169.58921080070664,168.15597599547186,168.7929675547899,42055200,178.04871124267578,181.9257021331787,4.508994198519645,0.004501628390580992
2024-04-08,167.65834045410156,168.40481571452685,167.4493358859462,168.23561647794648,37425500,177.54165466308595,181.85211753845215,4.282089013505136,-0.006663463927233604
2024-04-09,168.8726043701172,169.2806811483862,167.55881583801002,167.90716183961618,42451200,177.09367431640624,181.7695352935791,4.053128994722672,0.007242490368965848
2024-04-10,166.99148559570312,168.29532657810816,166.3246362072623,168.0066961691415,49709300,176.62178955078124,181.67913360595702,3.705270342501052,-0.011139277335305509
2024-04-11,174.21737670898438,174.63541624491384,167.36972023014152,167.5488670137579,91070300,176.3677816772461,181.63185066223144,3.3311829108733266,0.04327101521077292
2024-04-12,175.72027587890625,177.52176704196785,173.39127675717174,173.44102962389059,101593300,176.21619750976564,181.57825241088867,3.0319696237305123,0.008626574445741664
2024-04-15,171.87841796875,175.7999037342719,171.68930847441092,174.53586805138283,73531800,175.93886962890625,181.49954612731935,2.6689163646477394,-0.021863486674718047
2024-04-16,168.583984375,172.94338974194338,167.47920033817573,170.94284143183614,73711200,175.61573272705078,181.4026823425293,2.6229097818345513,-0.019167232469808893
2024-04-17,167.21046447753906,169.84800441976404,167.21046447753906,168.81289870293196,50901200,175.22874420166016,181.27723945617674,2.68906544024867,-0.008147392544748833
2024-04-18,166.25494384765625,167.84743029154777,165.76725645436014,167.24029654336022,43122900,174.79043823242188,181.1545040130615,2.7758209341892357,-0.005714478653404909
2024-04-19,164.2245635986328,165.6179780634261,163.3088890664717,165.42888374733738,67772100,174.30933776855468,181.02721801757812,2.9806648040648183,-0.012212450361078764
2024-04-22,165.06060791015625,166.47393259764522,163.9956444231876,164.74211969252124,48116400,173.8666278076172,180.90173294067384,3.138012601864875,0.005090860302523037
2024-04-23,166.11561584472656,166.26492000363532,164.14492548116624,164.57291251221173,49537800,173.4296905517578,180.78712425231933,3.2112099449028007,0.006391639700882301
2024-04-24,168.22567749023438,168.50436038665487,165.4288858023208,165.75732156896873,48251800,173.06879516601563,180.69332664489747,3.1975292631460026,0.012702367774262369
2024-04-25,169.09158325195312,169.80820075027214,167.3597550998357,168.73327450279362,50558300,172.76721954345703,180.60648574829102,3.200433335478716,0.005147286517951599
2024-04-26,168.50433349609375,170.53473930129167,168.38488714020465,169.08160945714914,44838400,172.47161529541015,180.508331451416,3.1805075435053913,-0.0034729685804901766
2024-04-29,172.68460083007812,175.20270935632288,172.28648678772151,172.55520693212748,68169400,172.2653887939453,180.42726165771484,3.2036736736841713,0.024808070197680054
2024-04-30,169.5294952392578,174.16759809934044,169.2010443307548,172.51539602156524,65934800,172.02691467285158,180.32967277526856,3.150207074590802,-0.018270914578682906
2024-05-01,168.50433349609375,171.89831095590108,168.31522402075603,168.78301634804097,50383100,171.78286712646485,180.21060028076172,2.976209549529765,-0.0060470996018553436
2024-05-02,172.21682739257812,172.6049939419865,170.08688513916925,171.69926693100732,94214900,171.59794006347656,180.11137901306154,2.583353737756223,0.022032038105242124
2024-05-03,182.5181884765625,186.12117099096088,181.80157098826203,185.77280978325868,163224100,171.57823333740234,180.05687362670898,3.5339511044861305,0.05981622841362544
2024-05-06,180.8560333251953,183.3343214775735,179.5720873686165,181.4930249418685,78569700,171.56210968017578,180.00382247924804,4.071814413387894,-0.009106791850394869
2024-05-07,181.54278564453125,184.0310366275269,180.46787458450643,182.58785409480518,77305800,171.58679290771485,179.96010375976562,4.5850125250721,0.0037972320121668623
2024-05-08,181.8811798095703,182.20963072654146,180.5972339353124,181.9906634485607,45057100,171.58898254394532,179.91406211853027,5.031254128837432,0.0018639912560427518
2024-05-09,183.70260620117188,183.792179594264,181.2541604804327,181.70204263297254,48983000,171.65168670654296,179.87281494140626,5.549679546949308,0.01001437528340543
2024-05-10,182.4368438720703,184.47000383075684,181.51992740382525,184.28063783698332,50759500,171.70241271972657,179.82087692260743,5.915537169771835,-0.006890279649682474
2024-05-13,185.656005859375,186.47326635748277,184.0015628078464,184.8188233059542,72044800,171.83921966552734,179.7913796234131,6.428416756049589,0.017645350133123516
2024-05-14,186.8021697998047,187.66926595480425,185.6659889969534,186.8819036535792,52393600,172.08972137451173,179.75467552185057,6.911630747408986,0.006173589349422137
2024-05-15,189.08450317382812,190.0113806876588,186.74236879853999,187.28056849688068,70400000,172.4850018310547,179.72630981445312,7.4814517217546515,0.012217916828639597
2024-05-16,189.2041015625,190.45989075478766,189.02471179656044,189.83199615864385,52845200,172.90258026123047,179.70270599365233,7.939336520695548,0.0006325129064750357
2024-05-17,189.23399353027344,190.17084727488813,188.54630236847427,188.87519880271202,41282900,173.32314483642577,179.69427101135253,8.332329763377949,0.00015798794807597716
2024-05-20,190.40008544921875,191.27714266640717,188.37688635675946,188.69582178398366,44361300,173.73259399414061,179.6986557006836,8.685739931226264,0.006162169371322523
2024-05-21,191.70570373535156,192.08442053272114,190.28048580582154,190.44991454290118,42309400,174.12794525146484,179.7550732421875,9.070199149987726,0.0068572358203118355
2024-05-22,190.2605438232422,192.17412585880137,189.63266445026173,191.625965130265,34648500,174.4848388671875,179.81982955932617,9.237060784338523,-0.00753842939438254
2024-05-23,186.25401306152344,190.36020743395642,186.0048504863481,190.34027016979292,51005900,174.80340393066408,179.85984420776367,9.367562376769392,-0.02105812735109669
2024-05-24,189.3436279296875,189.94162421863646,187.41012383078694,188.1875250894915,36294600,175.14653747558594,179.92328758239745,9.60493808903158,0.01658817878540697
2024-05-28,189.3535919189453,192.35350378297326,188.46657377923762,190.86848939299406,52280100,175.49743469238283,179.98787132263183,9.751823194138604,5.262384251714103e-05
2024-05-29,189.652587890625,191.6060292626522,188.8752018363686,188.97487295416659,53068000,175.83241485595704,180.05365226745604,9.768128063659171,0.0015790351196911523
2024-05-30,190.6492462158203,191.53626445370173,189.99146851693155,190.12102272627732,49947900,176.1403500366211,180.1161270904541,9.709105492683612,0.005255179147727107
2024-05-31,191.60601806640625,191.92495345858123,189.2738600399137,190.79873376551856,75158300,176.4158642578125,180.19336280822753,9.57093200242541,0.0050184927010035185
2024-06-03,193.38006591796875,194.33685694398167,191.8751293663799,192.25384615761888,50080500,176.87217315673828,180.28383666992187,9.29809818962572,0.00925883158298113
2024-06-04,193.69898986816406,194.66574186569684,192.38340418619828,193.98801176077237,47471400,177.31674591064453,180.38866165161133,8.97975257328571,0.0016492079919478986
2024-06-05,195.21389770507812,196.24044634116564,194.2172473626493,194.74547082752238,54156800,177.82008239746094,180.49862899780274,8.681669699640466,0.0078209382400245
2024-06-06,193.8285675048828,195.84180559150522,193.51960831096955,195.0345211925245,41181800,178.3184051513672,180.59496894836425,8.352800493354499,-0.007096473235159828
2024-06-07,196.23046875,196.28030430445062,193.48968053965237,193.99796669662618,53103900,178.7931042480469,180.69641891479492,8.077371680081745,0.012391884622769522
2024-06-10,192.4730987548828,196.63910486677477,191.50634675889475,196.2404356269631,97262100,179.22908447265624,180.75977348327638,7.4998867265729094,-0.019147739997014024
2024-06-11,206.45611572265625,206.46609195915696,192.9814138224934,193.00133588013964,172373300,179.97358825683594,180.91657066345215,7.9046860147680365,0.0726492016714555
2024-06-12,212.35630798339844,219.46241499269527,206.20696163392407,206.67538853844061,198134300,180.85978424072266,181.0917999267578,8.406848556574886,0.028578432952154564
2024-06-13,213.52236938476562,216.02395620562416,210.89121315624297,214.02069454325613,97862700,181.75317779541015,181.2650170135498,8.657854339742434,0.005491060813970883
2024-06-14,211.77822875976562,214.44924427717243,210.59221246372425,213.13367378271622,70122700,182.62820983886718,181.41000648498536,8.806913635825369,-0.008168421088738831
2024-06-17,215.94422912597656,218.21659070332575,212.0074632920053,212.65527993528355,93728300,183.5714340209961,181.55830429077147,9.676386391823266,0.019671523322337015
2024-06-18,213.5721893310547,217.89766325641614,212.28651711595563,216.86113841241473,79943300,184.48971099853514,181.69364990234374,10.115506176692449,-0.010984501899043986
2024-06-20,208.97763061523438,213.5223688231627,208.1504242370716,213.21339445126264,86172500,185.2918115234375,181.79813049316405,10.198910899307457,-0.021512907322864816
2024-06-21,206.79498291015625,211.18023828891836,206.41625091745033,209.6852627905662,246421400,186.08788146972657,181.89050659179688,10.122891415069294,-0.010444408325677612
2024-06-24,207.44281005859375,211.9875333707341,205.89799892378585,207.02421872275744,80727000,186.75239013671876,182.0198249053955,10.084373995388809,0.0031327024443283946
2024-06-25,208.36968994140625,210.67194975002218,207.91122410230182,208.44940858434205,56713900,187.40537841796876,182.1803328704834,9.952923784635392,0.004468122479398984
2024-06-26,212.5356903076172,214.1402980033581,209.9344322470105,210.79155216910215,66213200,188.2185238647461,182.3585934448242,10.076909897013861,0.01999331269045146
2024-06-27,213.3828582763672,215.01736433595826,211.63872006367095,213.97087836680484,49772700,189.11450134277345,182.5352328491211,10.207526645268995,0.003986003327365095
2024-06-28,209.9144744873047,215.34623061165473,209.5955543096767,215.0472324898511,82542700,189.96858154296876,182.70971893310548,10.211896618849982,-0.016254275610885105
2024-07-01,216.02395629882812,216.78140506529675,211.2101334408119,211.37956216985054,60402900,190.96396179199218,182.9251264190674,10.42543032483037,0.02910462380664902
2024-07-02,219.53216552734375,219.64179766849512,214.3794853085834,215.42595595595571,58046200,192.0701138305664,183.1504804992676,10.74128501113699,0.01623990824268895
2024-07-03,220.80789184570312,220.80789184570312,218.29632866276663,219.26308073535034,37369800,193.18505950927735,183.38583679199218,11.06903759193015,0.005811113443421556
2024-07-05,225.5818328857422,225.69146503075916,220.90754038733803,220.90754038733803,60412400,194.37438385009764,183.63037048339845,11.622651502217805,0.021620337027514536
2024-07-08,227.056884765625,227.08678305881674,222.50218547217585,226.32931907748747,59085900,195.55100799560546,183.87681930541993,12.07394876618823,0.00653887709401646
2024-07-09,227.9139862060547,228.631575647805,225.6117264169712,227.1664984715379,48076100,196.7274560546875,184.14532348632812,12.23138508694454,0.0037748313217387253
2024-07-10,232.19960021972656,232.29927134034506,228.48209857735924,228.5319341376685,62627700,198.00136138916017,184.44299903869629,12.660134284498241,0.018803646432638432
2024-07-11,226.80772399902344,231.61157070495582,225.01375035477759,230.61492037011672,64710600,199.08382385253907,184.7094464111328,12.617359438111759,-0.023220867803393608
2024-07-12,229.76776123046875,231.86073301422448,227.91399100155513,228.1531925563972,53046500,200.2885891723633,184.98429092407227,12.608377611753614,0.013050866078344159
2024-07-15,233.61483764648438,236.43535998230433,232.3092281117703,235.68787221439834,62631300,201.59079925537108,185.2988208770752,12.720135650902675,0.016743325501425765
2024-07-16,234.03343200683594,235.47857190808813,231.55176727169922,234.2128217621178,43234300,202.82713134765626,185.62303833007812,12.745386114643324,0.0017918141012300826
2024-07-17,228.1133270263672,230.68468664215072,225.88082486496336,228.68140979310064,57345900,203.73903411865234,185.91636459350585,12.44688870267477,-0.025295979850843864
2024-07-18,223.4290771484375,229.66811832325195,221.52548646122014,229.50865061099643,66034600,204.59049499511718,186.18368858337402,11.90841334285045,-0.02053474884169415
2024-07-19,223.55862426757812,226.04028896611686,222.5320756847993,224.06692564873424,49151500,205.43081176757812,186.43905265808107,11.358781150971003,0.0005798131594776379
2024-07-22,223.20980834960938,227.01700459563804,222.34271224556252,226.24957960487185,48201800,206.2573843383789,186.699373626709,10.585812368443433,-0.0015602883543927026
2024-07-23,224.25628662109375,226.17982967750157,221.93408951337017,223.61843101438217,39960300,207.06845794677736,186.95867279052734,9.867254344774066,0.004688316697289974
2024-07-24,217.80796813964844,224.04700927387208,216.40270265661363,223.24968592545983,61777600,207.7758804321289,187.17952575683594,8.579474201761618,-0.028754237299668084
2024-07-25,216.76148986816406,220.11023564894725,213.9010930254534,218.19665359620475,51391200,208.39799011230468,187.38234016418457,8.253450058468033,-0.004804591312350115
2024-07-26,217.2299041748047,218.75477790382115,215.2864239407029,217.96741565742542,41601300,209.0065447998047,187.58005126953125,8.155325814722964,0.0021609664471557988
2024-07-29,217.50897216796875,218.5654190781,215.0273073866339,216.23326096996,36311800,209.5750341796875,187.78213584899902,8.083955622052471,0.0012846665574159921
2024-07-30,218.0670928955078,219.59196666736065,215.3960621319004,218.45578591171193,41643800,210.15229400634766,187.9800122833252,7.94924784432573,0.002565966460951641
2024-07-31,221.3361053466797,223.07028238181744,219.89096542123676,220.6982497488722,50036300,210.79433624267577,188.18971687316895,7.915097867513171,0.01499085628998742
2024-08-01,217.62857055664062,223.72806581879624,216.29306274041448,223.61843367222977,62501000,211.3389059448242,188.39011611938477,7.832417330047856,-0.0167507004075631
2024-08-02,219.12355041503906,224.84432899946665,216.98075820790513,218.41592196270943,105568600,211.88726287841797,188.59863555908203,7.539236768985569,0.006869409905944979
2024-08-05,208.5690155029297,212.7848420736874,195.34346157584417,198.42310739676375,119548600,212.2534323120117,188.76217529296875,7.432940659338266,-0.04816704955774109
2024-08-06,206.53585815429688,209.28662299148326,200.39650324752455,204.612330181792,69660500,212.65906921386718,188.92205169677734,7.490424700138073,-0.009748127466249867
2024-08-07,209.1171875,212.9243839975228,205.69866882998738,206.2069550428707,63516400,213.05454040527343,189.09672073364257,7.449160568739156,0.0124982139603802
2024-08-08,212.59547424316406,213.4824924067945,208.13048513245963,212.39614722358988,47161100,213.51937805175783,189.30158737182617,7.446904866058388,0.016633193974857186
2024-08-09,215.51568603515625,216.05387055494424,211.259984607228,211.38955402452135,42201600,214.03664001464844,189.52045944213867,7.384399266822586,0.013736001682952415
2024-08-12,217.0522918701172,219.02793942662467,215.12653755613,215.59550663031672,38028100,214.56470092773438,189.74483062744142,7.132695746016331,0.007129902529277032
2024-08-13,220.78407287597656,221.40270642093424,218.52902632127157,218.52902632127157,44155300,215.14826202392578,189.99947540283202,7.070276314621694,0.017193004384825628
2024-08-14,221.23309326171875,222.54021400164925,219.21752501736546,220.08562480803565,41960600,215.70532257080077,190.2772622680664,7.063390856879892,0.002033753521679227
2024-08-15,224.22650146484375,224.8551228159093,222.27079905335071,224.10676986474735,46414000,216.31587280273436,190.56341453552247,7.083716550252559,0.013530562534709967
2024-08-16,225.5535888671875,226.33187474025672,223.15885022096822,223.42826155403992,44340200,216.92266662597658,190.84592758178712,7.083137197201079,0.005918512725632485
2024-08-19,225.39393615722656,225.4937226434457,222.5501887780633,225.2243113108782,40687800,217.55397399902344,191.1252597808838,7.043360282738997,-0.0007078260681320225
2024-08-20,226.0125732421875,226.6711275207631,224.95490346311303,225.27420804373648,30299000,218.1496160888672,191.3918016052246,6.990128074958989,0.0027446926723415643
2024-08-21,225.90280151367188,227.47933353511345,224.5557753561492,226.02254833732334,34765500,218.81821014404298,191.63992546081542,6.739580248755999,-0.0004856885921916687
2024-08-22,224.03692626953125,227.8385569948794,223.4083048904395,227.28976176117078,43695300,219.16982635498047,191.8832866668701,6.676287380850452,-0.008259637470798276
2024-08-23,226.3418426513672,227.7188169640382,223.83736023691762,225.16444130741013,38677300,219.44953704833983,192.1253662109375,6.548018086480209,0.010288109287229563
2024-08-26,226.68109130859375,226.7808777924977,223.39832305195915,226.2620154817008,30602200,219.7127114868164,192.35628616333008,6.193540807153523,0.0014988331510099595
2024-08-27,227.5292205810547,228.3474270817302,224.39611696496783,225.5036798955901,35934600,220.0277313232422,192.58613578796385,5.808492251560123,0.0037415086876670944
2024-08-28,225.99261474609375,229.35520907583674,225.18438078371824,227.4194670399241,38052200,220.22869903564452,192.8106848144531,5.723289811887211,-0.006753443935846204
2024-08-29,229.28536987304688,232.4085012026452,228.37737982242845,229.59470189609323,51906300,220.54296264648437,193.03067390441893,5.929852326447995,0.014570189077428797
2024-08-30,228.49710083007812,229.89402024722435,226.98043458769098,229.6844899472923,52990800,220.93335205078125,193.25467384338378,6.084369457005519,-0.0034379386849026083
2024-09-03,222.28077697753906,228.49709095305272,220.68428466242796,228.04808224732741,50190600,221.2430679321289,193.43447105407714,6.073295864372906,-0.02720526356770636
2024-09-04,220.36500549316406,221.29295584608857,217.0023958735564,221.17322424578342,43840200,221.5015118408203,193.60185638427734,6.034576020067038,-0.008618700683094116
2024-09-05,221.89163208007812,224.98481497811864,221.03352013282222,221.14327916881817,36615400,221.77195068359376,193.7684255218506,6.017818926688319,0.006927717871980432
2024-09-06,220.3350830078125,224.74537478911404,219.28738577978086,223.4581991238727,48423000,221.92793853759767,193.92731132507325,5.973708297397808,-0.007014906590546377
2024-09-09,220.42486572265625,220.7840757397734,216.23409233980902,220.33506702469683,67180000,222.06877868652344,194.07789863586424,5.937080224874336,0.00040748261065881586
2024-09-10,219.6266326904297,220.99361925876318,216.25405039598212,218.4392435287618,51591000,222.26302185058594,194.22852058410643,5.908376647107599,-0.0036213384075775013
2024-09-11,222.1710205078125,222.6000688776049,217.4114916314568,220.9736588702828,44587100,222.38596313476563,194.38853454589844,5.887248878332174,0.0115850604556198
2024-09-12,222.28077697753906,223.059062794204,219.33725854525207,222.01136566399225,37498200,222.44093536376954,194.55575721740723,5.891257444799026,0.0004940179393140287
2024-09-13,222.01138305664062,223.5479944694599,221.42268236911949,223.08901316997165,36766600,222.46500518798828,194.72252754211425,5.856457200142155,-0.0012119532987130421
2024-09-16,215.84495544433594,216.74297289953918,213.4502168549942,216.0644583037111,59357400,222.27026763916015,194.85543395996095,5.927580113051148,-0.027775276778179814
2024-09-17,216.31390380859375,216.42366284814068,214.02893954474482,215.27619443719672,45519300,222.05540802001954,194.99580436706543,5.515713343129337,0.0021726167437754462
2024-09-18,220.20535278320312,222.22092099435915,217.06226125375574,217.07224903728172,59894900,221.9012353515625,195.15274925231932,4.758577108167357,0.017989823613246525
2024-09-19,228.3673858642578,229.31531179988679,224.1367068474718,224.49591687958383,66781300,221.82459106445313,195.34409286499024,4.253491664176378,0.037065552575783034
2024-09-20,227.6988525390625,232.57811312113958,227.12012443578536,229.46496974860833,318679900,221.8424136352539,195.54108978271483,3.922732131404771,-0.0029274465907872527
2024-09-23,225.97265625,228.94610768522742,225.31410200503296,226.8407407931877,54146000,221.76651153564453,195.7096248626709,3.693068687510776,-0.0075810495740920025
2024-09-24,226.8706817626953,228.8463445678705,225.2342838755063,228.14786961487798,43556100,221.63162841796876,195.88811714172363,3.548515217225653,0.003974045035350704
2024-09-25,225.8728790283203,226.79085685048213,223.52804884217394,224.43603888049125,42308700,221.46841735839843,196.05192863464356,3.527317021172385,-0.004398112292970047
2024-09-26,227.02035522460938,227.99819881641105,224.9149883158055,226.80083714120576,36636700,221.44655792236327,196.21432052612306,3.5380267626225255,0.005080185816134231
2024-09-27,227.2897491455078,229.01596089620384,226.80083496693393,227.9582911728241,34026000,221.5237713623047,196.39063385009766,3.587641280943018,0.0011866509530913394
2024-09-30,232.4883270263672,232.4883270263672,229.14567760776433,229.53482055042815,54541900,221.70236541748048,196.58533561706543,3.8925962961789744,0.022872029646754166
2024-10-01,225.71324157714844,229.14567442683443,223.24866456606327,229.01597026460064,63285000,221.75243408203124,196.73000900268553,3.895936575558143,-0.02914161556356487
2024-10-02,226.281982421875,226.8706831083472,222.5302449869956,225.39393750024195,32880600,221.79294799804688,196.87678062438965,3.9001436781315078,0.0025197495758446653
2024-10-03,225.17440795898438,226.3119038145279,222.82957789090332,224.64557310138042,34044200,221.9402767944336,197.02069816589355,3.8926385792447995,-0.004894664838253404
2024-10-04,226.30194091796875,227.49930262356304,223.63780617480538,227.39951613756347,37245100,222.13108581542969,197.1786033630371,3.908047352413034,0.005007376145470976
2024-10-07,221.20315551757812,225.1943712346882,220.84394549402703,224.0069821228032,39505400,222.21055084228516,197.3057958984375,3.9342375795766134,-0.02253089558007315
2024-10-08,225.27420043945312,225.4837307412941,222.75973024040246,223.80742742544692,31855700,222.36585540771483,197.4638306427002,3.9127885893897343,0.018404099671857965
2024-10-09,229.03591918945312,229.24546472466872,224.33627096325682,224.73538646570117,33591100,222.58523193359375,197.64141967773438,3.966043119240465,0.016698400183695394
2024-10-10,228.53701782226562,228.99601435408132,226.67112924406288,227.27979028338342,28183500,222.72925018310548,197.82188186645507,4.0308337643453935,-0.0021782669240401065
2024-10-11,227.05029296875,228.9062089337624,226.84074743911052,228.79644988971887,31759200,222.91768463134767,197.99764404296874,3.9565247180488665,-0.006505400602854872
2024-10-14,230.79205322265625,231.22110160659443,228.09798564307096,228.19775690140833,39882100,223.1510546875,198.19161788940428,4.0616611608602735,0.01647987415026697
2024-10-15,233.33645629882812,236.9684620133565,231.85969551276995,233.0969778733182,64751400,223.64640350341796,198.3961766052246,4.357598495416478,0.011024656354684748
2024-10-16,231.27099609375,231.61024577942743,229.33525401328018,231.09139869260778,34082200,224.14110626220702,198.59562675476073,4.435536450322015,-0.008851853833045875
2024-10-17,231.6401824951172,233.3364614020046,230.0137723986246,232.9173703418766,32993800,224.5915661621094,198.83116722106934,4.548892414150713,0.001596336797968112
2024-10-18,234.48391723632812,235.66131853389138,233.4960858911256,235.66131853389138,46431500,225.02933502197266,199.087834854126,4.733912134578436,0.012276517444337998
2024-10-21,235.96067810058594,236.32987592195377,233.9351372634737,233.9351372634737,36254500,225.43823486328125,199.36351646423338,4.960335429198087,0.006297919625632309
2024-10-22,235.342041015625,235.70125104779564,232.08920560922664,233.376366009758,38846600,225.8040298461914,199.6397331237793,5.049056970012476,-0.0026217804167235625
2024-10-23,230.25323486328125,234.62362105235994,227.25982300232985,233.56595129753524,52287000,225.9934130859375,199.8687364959717,5.001948405722856,-0.021623022093217426
2024-10-24,230.0636749267578,230.3131259260407,227.90841463888628,229.47495899723685,31109500,226.17002471923828,200.09887954711914,4.939654864959579,-0.0008232672024607313
2024-10-25,230.9018096923828,232.7078323586645,229.0658541264054,229.23547896644118,38802300,226.30353088378905,200.3279945373535,4.867929622909629,0.0036430556274988923
2024-10-28,232.88743591308594,234.21451699403664,232.03931169048735,232.80762499530724,36087100,226.45020782470704,200.5700198364258,4.402649141787878,0.008599439836995959
2024-10-29,233.15684509277344,233.815399347975,231.8098189074392,232.58810476348472,35417200,226.60546600341797,200.8117520904541,3.8591738612471027,0.0011568214430770496
2024-10-30,229.5946807861328,232.95727501758805,229.04588560251634,232.09916306464564,47070900,226.6771081542969,201.04705513000488,3.494805041627905,-0.015277974383395176
2024-10-31,225.4138946533203,229.325284321648,224.8750719925984,228.83635490362704,64370100,226.66733001708985,201.2661759185791,3.559904583464679,-0.018209420699545342
2024-11-01,222.42047119140625,224.8551151455125,219.78626950218685,220.48472918772245,65276700,226.63500091552734,201.4407571411133,3.7563642775422745,-0.013279675889180886
2024-11-04,221.52244567871094,222.3007315284092,219.2275088130919,220.5046966292777,44944500,226.5386129760742,201.59628562927247,3.9591721112720806,-0.004037512859697667
2024-11-05,222.95928955078125,223.45819152571042,220.65436486265338,221.31291912362707,28111300,226.46417694091798,201.7474178314209,4.086300003104862,0.006486222502952499
2024-11-06,222.23089599609375,225.5735453041769,220.7042571772517,222.12113695305962,54561100,226.35821044921875,201.88849662780763,4.223194104736736,-0.003266935215639921
2024-11-07,226.98043823242188,227.37956894750107,224.0768403097807,224.13670611072257,42137700,226.3779669189453,202.05670280456542,4.223689154139464,0.021372105867816016
2024-11-08,226.7107391357422,228.4088689967903,226.16134014604208,226.92049995960826,38328800,226.32647430419922,202.22520065307617,4.230815546006778,-0.0011882041412023536
2024-11-11,223.98373413085938,225.45212091614073,221.25673663335022,224.7528927426808,42005600,226.23620697021485,202.38876121520997,4.239239301073374,-0.012028565630717747
2024-11-12,223.98373413085938,225.34224111445195,223.11469448970428,224.30339000560164,40398300,226.27026611328125,202.5557512664795,4.285950148797565,0.0
2024-11-13,224.8727569580078,226.4010754152989,222.5153482196322,223.76397540644066,48566200,226.36042114257813,202.74552619934082,4.3148487769494634,0.003969140127956905
2024-11-14,227.9693603515625,228.61864039722624,224.7528954725484,224.77287777547028,44923900,226.4819757080078,202.968875579834,4.279276589362086,0.013770469288696185
2024-11-15,224.7528839111328,226.67077335813082,224.023689933323,226.15134020310103,47923700,226.57033172607422,203.16391593933105,4.3122435928184215,-0.014109248872170355
2024-11-18,227.7695770263672,229.4876892234719,224.92270099550518,225.00261496304853,44686000,226.71722595214842,203.37905967712402,4.109196568765703,0.013422266547766126
2024-11-19,228.02928161621094,229.90722171238716,226.41106572007726,226.73070634208972,36211800,226.88527893066407,203.5864066314697,4.068164913625373,0.0011402075432298542
2024-11-20,228.7484893798828,229.67746064503265,225.64190448211673,227.80951934283004,35169600,227.01682830810546,203.7892978668213,4.067108783437238,0.003154014951826989
2024-11-21,228.26902770996094,229.90722593821596,225.46211628612434,228.6286329426038,42108300,227.1365933227539,203.98924507141112,4.067214408560234,-0.0020960211419173147
2024-11-22,229.61753845214844,230.46661102927646,227.80952873867182,227.80952873867182,38168300,227.28871643066407,204.20135223388672,4.063862948014062,0.005907550208260837
2024-11-25,232.61424255371094,232.99383009111634,229.48769048234254,231.2058026888721,90152800,227.62410217285156,204.4246110534668,4.112159001471303,0.013050850217118715
2024-11-26,234.8018341064453,235.31128373473052,233.07373841155265,233.07373841155265,45986200,227.9938607788086,204.6672679901123,4.1786327351674295,0.00940437493731383
2024-11-27,234.67198181152344,235.43115689965902,233.55321672420507,234.21249554010248,33498400,228.283193359375,204.9197760772705,4.296927096751377,-0.00055302930411949
2024-11-29,237.06935119628906,237.5488197625333,233.71304074851764,234.55211454995276,28481400,228.4572326660156,205.18870010375977,4.530665787412333,0.010215831332992531
2024-12-02,239.3268585205078,240.52553753151284,236.89953466637493,237.00941446483552,48137100,228.68979278564453,205.4703547668457,4.812712720284192,0.009522560857517126
2024-12-03,242.3834991455078,242.49337894569658,238.6376176509325,239.54662188503684,38861000,229.01800964355468,205.77500625610352,5.251479199434557,0.012771824457546543
2024-12-04,242.74310302734375,243.84190102311462,240.9850414761411,242.60325739533934,44383900,229.33545806884766,206.08518821716308,5.699361277446575,0.0014836153579087519
2024-12-05,242.7730712890625,244.2714238935446,241.86408229295347,243.72204013219255,40033900,229.6734619140625,206.39173767089844,6.18942234973208,0.0001234566969978701
2024-12-06,242.5732879638672,244.3613305629988,241.8141281502541,242.6432183998472,36870600,229.98452056884764,206.6870864868164,6.603224742440786,-0.0008229220981327279
2024-12-09,246.47900390625,246.96847124510987,241.48449521514058,241.56440918324205,44649200,230.3683056640625,207.01117042541503,7.227692718888326,0.016101179050533432
2024-12-10,247.4978790283203,247.93739821602466,245.0705399660552,246.61884065291167,36914800,230.66849670410156,207.34711669921876,7.832446209840483,0.004133719732402952
2024-12-11,246.2192840576172,250.52454792031958,245.98952569372008,247.68767076725757,45205800,231.07861755371093,207.6693546295166,8.283710206366836,-0.005166084556857187
2024-12-12,247.68768310546875,248.46682524629017,245.41017310687806,246.61885092340057,32777500,231.50673156738281,208.0049560546875,8.76008519118237,0.005963785710253022
2024-12-13,247.85748291015625,249.01619729452798,245.96955931284188,247.54782582286595,33155300,231.96039306640625,208.34474075317382,9.091796025675329,0.0006855399612875068
2024-12-16,250.7642822265625,251.10392039685559,247.3780059899919,247.71764416028498,51694800,232.44963989257812,208.70448387145996,9.4021220517818,0.011727704494844282
2024-12-17,253.20159912109375,253.5512208135588,249.50566587259755,249.80533943156328,51356400,233.08960876464843,209.0991064453125,9.711348341586893,0.009719553649706558
2024-12-18,247.77757263183594,254.0007260278641,247.46791553993853,251.88305927654196,56774100,233.5396762084961,209.49139190673827,9.691063337753835,-0.021421770273511442
2024-12-19,249.51565551757812,251.72323503929724,246.81862390484895,247.22817727073837,60882300,233.9492709350586,209.89734428405762,9.633272625865594,0.007014690099998555
2024-12-20,254.21051025390625,254.71994465608725,245.42017186050566,247.76758181309805,147495300,234.4627407836914,210.32736801147462,9.942190059514541,0.018815872401230394
2024-12-23,254.98965454101562,255.36922684225433,253.17164603591402,254.49020366493687,40858800,235.0215280151367,210.7526781463623,10.189198001746576,0.0030649570166518814
2024-12-24,257.91644287109375,257.92641115938613,255.0096198916901,255.2094124344067,23234700,235.56401580810547,211.18256965637207,10.372745993206108,0.011478066964506484
2024-12-26,258.7355041503906,259.81433504408284,257.34704665632455,257.90642916266114,27237100,236.07199676513673,211.61416786193848,10.473633629307853,0.0031756846138972783
2024-12-27,255.30929565429688,258.41589596104086,252.78207543596488,257.54682582842287,42355300,236.55276275634765,212.03908554077148,10.324511636517803,-0.01324212735064867
2024-12-30,251.9230194091797,253.22159473829512,250.47461491371794,251.95298524244893,35557500,236.9584194946289,212.43776588439943,10.120172519439171,-0.01326342715583062
2024-12-31,250.1449737548828,253.00183336212825,249.15605553782555,252.16275955239965,39480700,237.271640625,212.8294470977783,9.600833426409391,-0.007057892758140283
2025-01-02,243.5821990966797,248.826433311358,241.55442975303322,248.65660659999048,55740700,237.42407104492187,213.18284019470215,9.116771793723714,-0.026235884574015045
2025-01-03,243.0927276611328,243.91181916074598,241.624340886356,243.0927276611328,40244100,237.57908477783204,213.52204139709474,8.592460560821737,-0.002009471288797249
2025-01-06,244.73092651367188,247.05836939894766,242.93290033169586,244.04168187374515,45045600,237.86863861083984,213.8565444946289,8.044105843449522,0.006738987497901139
2025-01-07,241.94400024414062,245.28032844029428,241.08494412707995,242.71314361950866,40856000,238.1062451171875,214.21344139099122,7.409153881356151,-0.011387715926354569
2025-01-08,242.43344116210938,243.44234164075266,239.78635773622742,241.65429905026372,37628900,238.33687774658202,214.5682568359375,6.79130994892349,0.0020229512510121506
2025-01-10,236.58987426757812,239.8962364632009,232.74409661721964,239.7463920626497,61710900,238.41092651367188,214.9009708404541,6.552342529589568,-0.024103798826267564
2025-01-13,234.14256286621094,234.41227060505477,229.46771001708314,233.27352322575203,49630700,238.43064086914063,215.2271215057373,6.593207537926654,-0.010344108804078989
2025-01-14,233.02378845214844,235.8606656353981,232.21468051006943,234.49217517741417,39435300,238.49922302246094,215.52976287841796,6.699251744574759,-0.004778176169113579
2025-01-15,237.60874938964844,238.6975638581554,234.17252500331003,234.38230107288462,39832000,238.7431201171875,215.86443618774413,6.674520320306151,0.01967593509639265
2025-01-16,228.00930786132812,237.74859991927732,227.7795647267042,237.089336348529,71759100,238.85489685058593,216.1583280944824,7.363019947095755,-0.04040020223572849
2025-01-17,229.7274169921875,232.03487756376998,228.22906438809179,231.86506609768284,68488300,239.01899627685546,216.46673263549803,7.911348742125933,0.007535258744368001
2025-01-21,222.39547729492188,224.17352112887505,219.13906319002535,223.75398423747347,98070400,239.00772003173827,216.7344465637207,8.954050273182006,-0.03191582351493971
2025-01-22,223.58416748046875,223.87384226456615,219.54859611049605,219.54859611049605,64126500,239.03478546142577,217.01223426818848,9.750936594808667,0.005344938665144516
2025-01-23,223.41436767578125,226.78066167492807,222.05586069453574,224.493183388126,60234800,238.96346405029297,217.28539100646972,10.457671904001904,-0.0007594446717803516
2025-01-24,222.5353240966797,225.38220009721186,221.16683361690275,224.53312753788666,54697900,238.8799557495117,217.5597759246826,11.114255105878403,-0.003934588398438299
2025-01-27,229.6075439453125,231.89502211760887,223.73399710835045,223.77396171163917,94863400,238.99243194580077,217.8634506225586,11.325099790951393,0.03178021232063055
2025-01-28,237.99832153320312,239.9262098046868,230.55650666713984,230.59647127201654,75707600,239.27272369384767,218.21848480224608,11.32117777381857,0.03654399783087747
2025-01-29,239.0971221923828,239.5965730646729,233.75299176206667,233.86287156365174,45486100,239.55721099853517,218.54288352966307,11.27607119411152,0.0046168420520831255
2025-01-30,237.3290557861328,240.52553823889048,236.94948349745044,238.40787147181928,55658300,239.74440490722657,218.85092742919923,11.236077792722986,-0.0073947623879278
2025-01-31,235.74081420898438,246.91852728753366,233.18362815459494,246.91852728753366,101075100,239.9641635131836,219.1702394104004,11.128359939614407,-0.006692149732309471
2025-02-03,227.75958251953125,231.5753945205246,225.45212191586603,229.73741895869952,73063300,239.96396362304688,219.46611740112306,11.110404268289184,-0.03385596048030004
2025-02-04,232.54432678222656,232.87396618357337,226.40107197135944,227.00041910872287,45067300,240.05426452636718,219.7927867126465,11.082671151220943,0.021007872466946687
2025-02-05,232.21469116210938,232.4144684638066,228.0193068583431,228.27901582634638,39620300,240.12358856201172,220.12258544921875,10.983593834846381,-0.0014175173597156254
2025-02-06,232.9638671875,233.54323203112875,230.17692277145878,231.0359788855247,29925300,240.2174853515625,220.4662819671631,10.6313003319437,0.003226221483410008
2025-02-07,227.3800048828125,233.74300400322835,227.0104008794231,232.3445476829273,39707200,240.17273468017578,220.77787895202636,10.303065593979808,-0.023968791264069034
2025-02-10,227.64999389648438,230.58999633789062,227.1999969482422,229.57000732421875,33115600,240.07344970703124,221.08555084228516,9.657676982849871,0.0011873911860060815
2025-02-11,232.6199951171875,235.22999572753906,228.1300048828125,228.1999969482422,53718400,240.0298129272461,221.40752243041993,8.674638595155416,0.021831765227118938
2025-02-12,236.8699951171875,236.9600067138672,230.67999267578125,231.1999969482422,45243300,240.0737731933594,221.7464144897461,7.813894033587975,0.018270140526221557
2025-02-13,241.52999877929688,242.33999633789062,235.57000732421875,236.91000366210938,53614100,240.16298614501954,222.1115428161621,7.228879584845257,0.01967325435120615
2025-02-14,244.60000610351562,245.5500030517578,240.99000549316406,241.25,40838100,240.2684490966797,222.4711198425293,6.871165389338352,0.012710666748373622
